supplier_id,supplier_region,supplier_tier,operational_maturity,inventory_days,climate_stress_index,disruption_risk_percent
SUP-0000,NAM,Tier 3,85.4,35.7,3.03,7.36
SUP-0001,NAM,Tier 3,57.4,15.9,2.21,10.93
SUP-0002,APAC,Tier 3,71.6,7.1,7.14,38.65
SUP-0003,EMEA,Tier 2,57.8,17.2,1.52,2.18
SUP-0004,APAC,Tier 2,60.7,10.5,8.2,25.56
SUP-0005,EMEA,Tier 3,84.3,9.3,5.97,26.81
SUP-0006,NAM,Tier 2,81.0,20.8,0.85,0.0
SUP-0007,EMEA,Tier 1,71.1,18.0,4.29,6.79
SUP-0008,APAC,Tier 2,76.0,14.9,4.17,9.01
SUP-0009,NAM,Tier 2,58.4,24.4,5.25,13.61
SUP-0010,APAC,Tier 3,78.4,10.9,9.3,42.7
SUP-0011,NAM,Tier 2,50.6,10.9,4.77,27.88
SUP-0012,APAC,Tier 3,46.3,5.0,8.41,53.72
SUP-0013,EMEA,Tier 3,61.4,28.3,4.65,23.22
SUP-0014,APAC,Tier 3,75.8,36.3,6.6,30.57
SUP-0015,EMEA,Tier 1,33.6,12.6,3.14,13.79
SUP-0016,NAM,Tier 3,56.4,27.7,3.43,11.48
SUP-0017,LATAM,Tier 3,65.8,20.7,2.29,8.54
SUP-0018,NAM,Tier 1,46.0,24.2,4.99,26.25
SUP-0019,NAM,Tier 3,81.7,50.1,4.45,10.9
SUP-0020,NAM,Tier 3,60.1,17.1,2.67,17.97
SUP-0021,EMEA,Tier 3,71.9,35.5,2.44,8.87
SUP-0022,EMEA,Tier 1,40.9,36.1,5.68,25.5
SUP-0023,APAC,Tier 1,80.6,12.4,7.51,19.46
SUP-0024,APAC,Tier 1,59.1,29.7,5.48,15.63
SUP-0025,EMEA,Tier 1,62.2,8.4,5.49,26.06
SUP-0026,APAC,Tier 3,61.9,14.3,9.1,48.26
SUP-0027,APAC,Tier 3,71.3,18.0,5.13,19.2
SUP-0028,EMEA,Tier 3,45.0,19.7,2.58,27.81
SUP-0029,APAC,Tier 3,41.8,36.0,5.36,30.98
SUP-0030,NAM,Tier 3,66.3,24.7,4.82,21.46
SUP-0031,APAC,Tier 3,44.5,37.5,5.59,24.58
SUP-0032,APAC,Tier 2,46.1,33.5,5.04,21.5
SUP-0033,NAM,Tier 3,49.0,31.1,1.28,10.36
SUP-0034,NAM,Tier 2,44.7,19.5,4.64,27.74
SUP-0035,NAM,Tier 3,47.4,15.4,7.66,61.8
SUP-0036,APAC,Tier 1,55.4,11.7,6.5,26.71
SUP-0037,APAC,Tier 3,82.5,14.1,4.59,13.28
SUP-0038,EMEA,Tier 2,61.2,23.9,6.11,13.83
SUP-0039,EMEA,Tier 3,53.1,34.8,2.87,14.44
SUP-0040,EMEA,Tier 3,57.9,13.5,5.12,42.64
SUP-0041,EMEA,Tier 3,47.2,27.6,2.77,23.64
SUP-0042,NAM,Tier 3,74.4,16.8,5.38,25.34
SUP-0043,LATAM,Tier 3,85.4,20.5,5.0,16.1
SUP-0044,NAM,Tier 1,77.1,15.9,0.25,0.0
SUP-0045,NAM,Tier 3,73.2,63.2,2.68,0.0
SUP-0046,APAC,Tier 2,77.2,14.3,4.0,7.52
SUP-0047,EMEA,Tier 3,36.1,17.3,3.46,28.18
SUP-0048,APAC,Tier 2,52.8,43.3,5.6,22.54
SUP-0049,EMEA,Tier 3,26.4,17.1,6.26,46.39
SUP-0050,NAM,Tier 1,47.1,32.4,5.52,16.92
SUP-0051,APAC,Tier 1,42.8,19.1,5.99,33.17
SUP-0052,LATAM,Tier 2,35.0,10.3,7.38,38.48
SUP-0053,NAM,Tier 1,65.8,18.1,4.31,8.41
SUP-0054,APAC,Tier 2,64.0,20.3,7.33,24.6
SUP-0055,LATAM,Tier 2,66.3,12.1,4.31,18.41
SUP-0056,NAM,Tier 2,53.0,51.8,9.28,28.54
SUP-0057,APAC,Tier 3,56.4,32.6,9.81,46.01
SUP-0058,EMEA,Tier 3,62.1,30.7,6.8,32.4
SUP-0059,EMEA,Tier 3,54.1,24.7,3.64,28.27
SUP-0060,LATAM,Tier 2,86.2,18.7,7.05,12.15
SUP-0061,APAC,Tier 3,35.0,21.6,6.14,41.14
SUP-0062,EMEA,Tier 1,43.5,45.0,2.64,6.87
SUP-0063,APAC,Tier 1,46.2,32.3,4.19,12.68
SUP-0064,NAM,Tier 1,43.7,40.4,3.03,6.98
SUP-0065,APAC,Tier 3,66.7,23.3,5.27,33.12
SUP-0066,APAC,Tier 3,55.8,22.6,4.9,15.7
SUP-0067,APAC,Tier 2,56.7,20.3,9.1,40.35
SUP-0068,EMEA,Tier 1,55.9,8.5,4.74,21.56
SUP-0069,APAC,Tier 3,57.7,14.7,8.53,41.56
SUP-0070,EMEA,Tier 3,44.0,37.8,5.2,28.92
SUP-0071,APAC,Tier 2,71.7,51.9,3.88,0.0
SUP-0072,EMEA,Tier 3,43.3,49.6,3.75,15.39
SUP-0073,LATAM,Tier 2,80.6,25.6,7.09,23.93
SUP-0074,APAC,Tier 3,44.7,12.1,5.88,44.45
SUP-0075,EMEA,Tier 2,75.7,20.0,4.43,6.25
SUP-0076,EMEA,Tier 2,66.8,14.2,4.22,12.29
SUP-0077,APAC,Tier 2,31.4,42.7,7.32,31.47
SUP-0078,APAC,Tier 2,94.8,18.3,9.42,23.54
SUP-0079,EMEA,Tier 1,83.5,13.5,2.37,0.0
SUP-0080,APAC,Tier 3,78.3,37.0,3.92,3.96
SUP-0081,APAC,Tier 3,54.6,24.7,3.58,16.5
SUP-0082,APAC,Tier 3,53.9,14.9,6.86,41.38
SUP-0083,APAC,Tier 1,58.3,17.8,2.43,1.92
SUP-0084,NAM,Tier 2,60.6,29.4,5.93,18.28
SUP-0085,NAM,Tier 1,56.2,17.4,1.59,0.0
SUP-0086,EMEA,Tier 3,61.3,26.4,6.55,40.75
SUP-0087,NAM,Tier 2,53.7,45.4,6.22,27.88
SUP-0088,APAC,Tier 2,76.6,15.6,4.98,1.66
SUP-0089,NAM,Tier 1,44.2,27.2,3.79,3.7
SUP-0090,LATAM,Tier 1,40.8,12.7,6.29,30.25
SUP-0091,APAC,Tier 2,57.2,26.5,5.83,17.81
SUP-0092,EMEA,Tier 3,52.1,10.4,4.32,33.75
SUP-0093,EMEA,Tier 2,52.5,22.5,3.59,1.89
SUP-0094,EMEA,Tier 1,72.7,11.1,7.02,25.26
SUP-0095,APAC,Tier 2,67.3,28.5,3.74,8.09
SUP-0096,APAC,Tier 3,45.5,7.0,7.34,45.03
SUP-0097,EMEA,Tier 3,53.1,14.9,4.74,34.37
SUP-0098,EMEA,Tier 2,82.0,21.8,3.14,0.0
SUP-0099,APAC,Tier 2,65.2,11.4,6.82,32.52
SUP-0100,EMEA,Tier 3,44.4,19.6,5.16,38.56
SUP-0101,EMEA,Tier 1,67.6,19.2,6.19,19.19
SUP-0102,EMEA,Tier 3,53.1,20.8,4.8,19.46
SUP-0103,APAC,Tier 1,23.4,31.0,4.07,18.48
SUP-0104,EMEA,Tier 3,44.5,29.1,0.0,7.38
SUP-0105,APAC,Tier 3,62.2,20.3,5.81,24.24
SUP-0106,NAM,Tier 3,54.7,10.5,4.18,27.48
SUP-0107,EMEA,Tier 3,69.4,25.9,5.79,28.79
SUP-0108,APAC,Tier 1,44.8,39.3,6.15,19.78
SUP-0109,EMEA,Tier 1,23.6,12.2,8.59,51.81
SUP-0110,APAC,Tier 2,67.8,12.5,3.03,6.2
SUP-0111,APAC,Tier 3,61.8,25.3,6.3,26.81
SUP-0112,APAC,Tier 2,65.2,38.5,7.29,21.47
SUP-0113,EMEA,Tier 2,44.1,29.9,5.01,18.49
SUP-0114,EMEA,Tier 2,33.6,14.2,3.92,27.37
SUP-0115,APAC,Tier 1,70.1,25.4,5.46,16.57
SUP-0116,LATAM,Tier 3,63.9,14.6,4.4,24.47
SUP-0117,APAC,Tier 2,81.9,21.4,9.19,23.48
SUP-0118,EMEA,Tier 2,58.9,15.4,6.35,24.73
SUP-0119,LATAM,Tier 1,72.7,31.5,3.49,0.77
SUP-0120,NAM,Tier 1,82.6,34.2,5.62,10.79
SUP-0121,LATAM,Tier 2,42.9,13.1,4.4,16.57
SUP-0122,APAC,Tier 2,47.2,40.9,5.78,15.18
SUP-0123,APAC,Tier 2,65.7,18.5,7.4,22.37
SUP-0124,APAC,Tier 3,63.9,18.0,7.0,35.36
SUP-0125,EMEA,Tier 2,82.1,15.8,5.03,3.22
SUP-0126,EMEA,Tier 1,60.8,5.0,4.77,27.11
SUP-0127,EMEA,Tier 2,53.8,16.0,2.92,9.16
SUP-0128,NAM,Tier 3,70.4,12.5,1.84,7.09
SUP-0129,APAC,Tier 3,100.0,22.3,5.84,26.39
SUP-0130,NAM,Tier 1,70.3,24.8,2.22,0.39
SUP-0131,APAC,Tier 1,59.0,32.2,6.49,23.91
SUP-0132,EMEA,Tier 3,48.8,17.1,2.34,19.86
SUP-0133,EMEA,Tier 2,71.5,34.6,6.3,20.9
SUP-0134,APAC,Tier 2,78.8,17.4,5.25,13.42
SUP-0135,EMEA,Tier 2,75.7,9.0,7.25,23.65
SUP-0136,LATAM,Tier 3,66.2,14.9,4.14,21.84
SUP-0137,EMEA,Tier 2,29.1,14.1,4.5,21.7
SUP-0138,LATAM,Tier 2,77.3,24.8,4.38,7.45
SUP-0139,NAM,Tier 3,57.8,12.5,0.96,6.21
SUP-0140,APAC,Tier 2,94.3,36.2,9.59,26.19
SUP-0141,LATAM,Tier 2,62.4,22.2,8.31,31.24
SUP-0142,EMEA,Tier 2,59.3,33.2,2.57,1.41
SUP-0143,APAC,Tier 2,29.2,24.8,6.26,25.39
SUP-0144,APAC,Tier 3,40.3,12.5,7.79,48.28
SUP-0145,NAM,Tier 3,71.6,49.1,3.0,11.43
SUP-0146,APAC,Tier 3,54.0,22.4,9.63,56.82
SUP-0147,NAM,Tier 2,76.0,23.4,3.93,0.0
SUP-0148,APAC,Tier 3,73.0,14.6,7.03,31.78
SUP-0149,APAC,Tier 3,86.5,30.9,7.47,27.9
SUP-0150,EMEA,Tier 2,64.6,18.9,4.19,6.36
SUP-0151,NAM,Tier 2,63.1,28.6,4.8,18.57
SUP-0152,APAC,Tier 1,46.0,21.2,8.32,29.79
SUP-0153,EMEA,Tier 3,89.2,19.2,5.62,18.87
SUP-0154,APAC,Tier 3,62.1,30.9,6.36,31.75
SUP-0155,APAC,Tier 3,53.1,12.5,6.97,38.99
SUP-0156,NAM,Tier 2,57.8,30.8,3.36,7.85
SUP-0157,APAC,Tier 3,66.1,17.9,7.93,39.41
SUP-0158,APAC,Tier 3,23.0,25.5,7.66,55.85
SUP-0159,APAC,Tier 3,54.0,13.2,1.69,16.37
SUP-0160,APAC,Tier 3,51.8,8.4,7.58,45.97
SUP-0161,APAC,Tier 1,38.0,15.4,7.1,44.13
SUP-0162,EMEA,Tier 3,84.9,25.3,7.48,34.78
SUP-0163,EMEA,Tier 3,70.5,31.5,4.33,19.95
SUP-0164,APAC,Tier 3,54.7,19.6,3.03,17.44
SUP-0165,NAM,Tier 2,66.2,22.1,3.39,9.61
SUP-0166,APAC,Tier 3,74.0,27.3,6.03,28.6
SUP-0167,EMEA,Tier 3,62.8,11.9,4.9,23.05
SUP-0168,NAM,Tier 3,53.8,21.7,2.46,24.2
SUP-0169,NAM,Tier 2,80.0,28.9,3.51,0.74
SUP-0170,EMEA,Tier 3,61.6,20.8,4.0,25.79
SUP-0171,NAM,Tier 3,58.1,54.3,2.73,14.98
SUP-0172,NAM,Tier 3,73.0,14.4,3.8,15.77
SUP-0173,EMEA,Tier 2,82.3,20.4,0.88,0.0
SUP-0174,EMEA,Tier 3,40.5,26.7,6.77,45.57
SUP-0175,EMEA,Tier 3,50.2,21.1,5.4,26.68
SUP-0176,EMEA,Tier 3,65.8,15.3,2.83,21.97
SUP-0177,NAM,Tier 2,76.4,15.1,5.77,13.48
SUP-0178,EMEA,Tier 2,58.8,14.5,5.19,19.17
SUP-0179,NAM,Tier 2,63.1,39.7,6.45,23.67
SUP-0180,APAC,Tier 2,38.3,49.7,3.79,14.27
SUP-0181,NAM,Tier 3,49.8,12.0,3.93,25.08
SUP-0182,EMEA,Tier 2,45.6,29.9,4.19,14.06
SUP-0183,APAC,Tier 3,68.2,26.6,3.39,15.9
SUP-0184,NAM,Tier 1,81.9,23.8,6.43,21.25
SUP-0185,APAC,Tier 3,49.9,30.9,7.18,40.76
SUP-0186,LATAM,Tier 2,64.4,17.7,5.98,16.17
SUP-0187,NAM,Tier 3,50.0,18.3,2.71,19.55
SUP-0188,EMEA,Tier 3,63.0,20.9,6.81,36.25
SUP-0189,NAM,Tier 3,85.4,23.8,5.46,16.29
SUP-0190,NAM,Tier 1,79.4,15.2,5.43,14.97
SUP-0191,LATAM,Tier 3,76.7,11.5,6.09,30.76
SUP-0192,APAC,Tier 1,50.6,14.3,6.98,36.27
SUP-0193,EMEA,Tier 3,67.6,12.5,5.57,35.61
SUP-0194,APAC,Tier 2,64.6,19.3,10.0,39.52
SUP-0195,APAC,Tier 3,94.8,9.0,6.62,30.79
SUP-0196,LATAM,Tier 2,66.8,19.1,6.35,19.57
SUP-0197,APAC,Tier 1,75.8,5.8,4.71,6.26
SUP-0198,EMEA,Tier 2,42.2,17.5,3.32,11.34
SUP-0199,APAC,Tier 2,44.9,8.0,8.08,51.25
SUP-0200,NAM,Tier 2,82.6,21.3,1.77,0.0
SUP-0201,EMEA,Tier 1,73.7,28.5,2.62,2.45
SUP-0202,NAM,Tier 3,70.3,15.8,1.86,3.69
SUP-0203,LATAM,Tier 3,83.6,10.8,6.03,24.17
SUP-0204,APAC,Tier 2,92.4,13.4,8.49,25.41
SUP-0205,APAC,Tier 3,77.7,32.1,7.5,35.44
SUP-0206,APAC,Tier 2,75.4,16.6,7.98,18.48
SUP-0207,APAC,Tier 2,64.9,9.8,5.67,26.09
SUP-0208,APAC,Tier 1,50.5,11.5,6.94,29.41
SUP-0209,LATAM,Tier 2,79.1,14.0,9.23,32.6
SUP-0210,APAC,Tier 2,82.3,13.2,6.3,7.36
SUP-0211,EMEA,Tier 1,75.2,6.5,6.46,27.22
SUP-0212,EMEA,Tier 2,34.9,27.7,7.09,36.99
SUP-0213,EMEA,Tier 2,70.6,22.8,6.87,22.38
SUP-0214,APAC,Tier 3,54.7,30.5,9.8,54.55
SUP-0215,EMEA,Tier 1,53.2,27.2,6.34,16.22
SUP-0216,APAC,Tier 3,60.2,28.4,8.75,38.04
SUP-0217,APAC,Tier 3,63.3,36.4,10.0,43.32
SUP-0218,LATAM,Tier 3,50.6,10.8,0.37,10.14
SUP-0219,EMEA,Tier 1,48.7,19.7,5.51,32.94
SUP-0220,APAC,Tier 1,47.7,20.5,10.0,50.24
SUP-0221,EMEA,Tier 1,68.5,7.7,4.28,7.79
SUP-0222,APAC,Tier 3,49.8,38.2,6.06,30.55
SUP-0223,NAM,Tier 2,53.7,23.8,4.16,13.46
SUP-0224,EMEA,Tier 2,32.6,33.2,5.34,19.61
SUP-0225,EMEA,Tier 3,59.7,18.3,2.26,22.65
SUP-0226,APAC,Tier 2,74.9,20.1,3.35,8.08
SUP-0227,APAC,Tier 3,53.9,14.8,5.83,22.4
SUP-0228,EMEA,Tier 2,64.1,17.8,6.7,29.62
SUP-0229,APAC,Tier 3,34.2,28.7,5.24,41.98
SUP-0230,EMEA,Tier 3,56.5,14.2,3.87,23.2
SUP-0231,LATAM,Tier 1,41.4,16.3,6.25,30.59
SUP-0232,APAC,Tier 1,73.5,8.8,3.38,0.0
SUP-0233,APAC,Tier 3,36.6,34.3,2.39,18.54
SUP-0234,EMEA,Tier 3,61.0,63.2,5.23,15.72
SUP-0235,NAM,Tier 2,71.7,10.8,6.68,29.33
SUP-0236,APAC,Tier 3,48.7,9.2,4.17,27.73
SUP-0237,APAC,Tier 3,54.1,15.5,2.12,17.77
SUP-0238,EMEA,Tier 3,91.0,21.6,4.39,0.0
SUP-0239,APAC,Tier 1,67.8,16.6,7.09,23.0
SUP-0240,APAC,Tier 2,70.8,39.4,5.73,8.08
SUP-0241,NAM,Tier 2,55.5,14.7,2.49,14.26
SUP-0242,NAM,Tier 2,78.7,16.0,6.45,10.46
SUP-0243,EMEA,Tier 1,70.3,27.6,4.98,9.38
SUP-0244,LATAM,Tier 2,66.0,30.8,8.78,37.89
SUP-0245,NAM,Tier 1,78.2,21.5,5.11,11.2
SUP-0246,LATAM,Tier 2,43.4,13.4,9.67,59.5
SUP-0247,APAC,Tier 3,67.0,23.5,5.16,28.43
SUP-0248,APAC,Tier 3,41.7,6.4,4.78,31.77
SUP-0249,APAC,Tier 1,64.8,21.6,3.67,4.99
SUP-0250,APAC,Tier 3,39.7,35.9,2.18,15.22
SUP-0251,LATAM,Tier 3,50.6,12.1,9.53,64.04
SUP-0252,NAM,Tier 1,53.7,29.1,3.99,16.63
SUP-0253,APAC,Tier 3,84.4,11.3,2.72,12.24
SUP-0254,NAM,Tier 3,61.8,19.3,3.03,14.21
SUP-0255,EMEA,Tier 2,54.4,29.6,5.23,11.23
SUP-0256,APAC,Tier 3,64.7,15.5,3.61,23.17
SUP-0257,NAM,Tier 2,64.2,14.7,5.12,22.1
SUP-0258,APAC,Tier 3,71.8,42.2,5.52,12.21
SUP-0259,NAM,Tier 2,54.2,14.7,6.1,25.82
SUP-0260,APAC,Tier 1,67.9,35.5,4.57,0.33
SUP-0261,APAC,Tier 3,51.2,18.3,7.32,45.5
SUP-0262,APAC,Tier 3,54.4,12.6,5.5,22.68
SUP-0263,APAC,Tier 3,42.4,16.0,3.51,32.55
SUP-0264,APAC,Tier 3,57.4,14.2,7.35,41.23
SUP-0265,EMEA,Tier 3,82.2,18.6,6.3,24.71
SUP-0266,EMEA,Tier 1,78.5,12.8,3.54,6.53
SUP-0267,APAC,Tier 2,80.9,26.4,3.99,0.0
SUP-0268,APAC,Tier 2,50.8,32.2,5.58,10.41
SUP-0269,APAC,Tier 2,56.0,30.1,6.39,22.55
SUP-0270,APAC,Tier 2,78.1,24.2,9.55,27.39
SUP-0271,APAC,Tier 1,58.0,10.1,4.89,19.13
SUP-0272,LATAM,Tier 3,50.5,24.2,3.71,20.13
SUP-0273,APAC,Tier 2,57.9,42.1,1.79,2.73
SUP-0274,LATAM,Tier 2,66.0,9.9,8.43,29.77
SUP-0275,APAC,Tier 2,75.7,19.5,6.24,8.73
SUP-0276,NAM,Tier 3,56.1,34.0,6.35,34.55
SUP-0277,APAC,Tier 3,44.7,16.4,5.78,35.1
SUP-0278,APAC,Tier 3,80.9,14.9,7.57,26.76
SUP-0279,APAC,Tier 2,56.3,25.9,2.3,8.21
SUP-0280,EMEA,Tier 3,55.0,15.3,4.81,29.59
SUP-0281,APAC,Tier 3,66.8,54.0,4.51,18.99
SUP-0282,NAM,Tier 3,77.8,11.2,4.5,19.97
SUP-0283,APAC,Tier 3,62.8,16.8,3.85,15.86
SUP-0284,APAC,Tier 1,81.1,14.3,4.58,9.85
SUP-0285,APAC,Tier 3,64.5,30.4,6.6,26.07
SUP-0286,APAC,Tier 2,49.2,44.5,7.99,31.88
SUP-0287,NAM,Tier 3,58.1,20.2,2.63,10.08
SUP-0288,APAC,Tier 3,52.3,39.6,5.7,37.48
SUP-0289,NAM,Tier 3,68.2,35.8,3.84,21.27
SUP-0290,NAM,Tier 2,50.1,10.4,3.67,16.6
SUP-0291,APAC,Tier 3,67.3,16.3,5.69,29.93
SUP-0292,APAC,Tier 3,54.9,18.8,6.78,31.27
SUP-0293,EMEA,Tier 3,79.0,11.6,4.81,10.65
SUP-0294,EMEA,Tier 1,97.3,51.3,2.48,0.0
SUP-0295,NAM,Tier 2,64.7,23.5,3.51,9.41
SUP-0296,APAC,Tier 1,65.4,14.2,5.19,10.25
SUP-0297,NAM,Tier 3,41.4,9.6,7.15,42.57
SUP-0298,APAC,Tier 3,81.3,38.6,5.18,15.64
SUP-0299,APAC,Tier 3,66.3,39.3,7.43,34.83
SUP-0300,LATAM,Tier 3,50.5,31.6,1.87,8.19
SUP-0301,NAM,Tier 3,58.4,15.1,5.18,26.56
SUP-0302,LATAM,Tier 2,62.8,32.9,4.0,16.93
SUP-0303,NAM,Tier 3,53.6,21.9,6.11,29.54
SUP-0304,EMEA,Tier 1,49.5,6.4,5.78,29.63
SUP-0305,APAC,Tier 3,36.2,14.3,6.37,38.18
SUP-0306,APAC,Tier 3,64.3,20.5,7.08,31.0
SUP-0307,APAC,Tier 1,75.7,9.7,9.57,37.52
SUP-0308,NAM,Tier 1,51.5,16.9,3.9,11.52
SUP-0309,APAC,Tier 3,67.0,13.8,6.19,28.53
SUP-0310,EMEA,Tier 3,74.7,15.4,9.11,42.91
SUP-0311,APAC,Tier 1,70.8,15.6,5.26,16.27
SUP-0312,APAC,Tier 3,33.2,9.3,4.83,33.65
SUP-0313,APAC,Tier 1,61.1,38.5,5.31,11.96
SUP-0314,NAM,Tier 2,60.7,24.0,4.63,21.09
SUP-0315,LATAM,Tier 3,63.9,53.4,0.0,0.0
SUP-0316,NAM,Tier 2,54.6,34.4,8.21,37.68
SUP-0317,APAC,Tier 3,62.1,29.3,5.51,19.04
SUP-0318,EMEA,Tier 3,48.0,13.8,6.7,36.65
SUP-0319,APAC,Tier 2,63.7,20.8,7.23,26.9
SUP-0320,EMEA,Tier 3,43.9,35.5,1.75,20.95
SUP-0321,EMEA,Tier 2,45.8,18.5,1.99,11.41
SUP-0322,NAM,Tier 3,48.3,26.5,5.29,27.62
SUP-0323,LATAM,Tier 3,52.2,34.0,4.75,23.12
SUP-0324,EMEA,Tier 2,68.5,17.5,5.29,14.62
SUP-0325,EMEA,Tier 2,65.7,11.4,3.36,9.79
SUP-0326,LATAM,Tier 3,71.7,9.6,8.47,35.63
SUP-0327,APAC,Tier 3,60.8,19.8,5.83,27.24
SUP-0328,EMEA,Tier 2,73.8,36.9,5.96,13.08
SUP-0329,EMEA,Tier 3,51.7,16.1,3.17,20.58
SUP-0330,APAC,Tier 3,34.9,7.5,5.48,33.49
SUP-0331,EMEA,Tier 1,78.3,38.2,3.25,0.0
SUP-0332,NAM,Tier 3,49.3,14.0,3.59,22.95
SUP-0333,NAM,Tier 3,44.4,27.9,1.24,9.55
SUP-0334,EMEA,Tier 2,75.8,32.8,7.92,16.13
SUP-0335,LATAM,Tier 3,91.2,20.6,10.0,42.96
SUP-0336,APAC,Tier 2,40.9,7.8,3.39,13.05
SUP-0337,APAC,Tier 1,47.3,25.0,6.37,27.78
SUP-0338,EMEA,Tier 2,52.9,34.6,3.79,9.84
SUP-0339,APAC,Tier 3,58.4,33.7,6.38,29.94
SUP-0340,APAC,Tier 3,60.7,15.4,5.92,36.33
SUP-0341,EMEA,Tier 3,33.0,12.5,4.06,42.65
SUP-0342,APAC,Tier 3,94.0,15.5,4.38,2.18
SUP-0343,EMEA,Tier 3,93.8,22.1,3.77,5.33
SUP-0344,NAM,Tier 2,47.7,38.3,2.95,6.12
SUP-0345,EMEA,Tier 3,39.1,37.1,5.41,34.03
SUP-0346,APAC,Tier 3,20.6,23.0,7.78,54.26
SUP-0347,EMEA,Tier 3,47.3,25.6,5.32,32.91
SUP-0348,EMEA,Tier 3,76.9,12.0,3.1,23.98
SUP-0349,APAC,Tier 1,66.7,48.2,6.67,19.51
SUP-0350,EMEA,Tier 3,66.3,18.6,5.82,32.8
SUP-0351,NAM,Tier 1,64.5,12.2,5.52,19.05
SUP-0352,NAM,Tier 2,55.3,13.1,6.44,30.58
SUP-0353,APAC,Tier 1,50.9,16.6,4.67,20.01
SUP-0354,APAC,Tier 3,82.4,25.5,5.11,20.72
SUP-0355,NAM,Tier 2,58.6,24.7,2.67,5.78
SUP-0356,NAM,Tier 3,42.6,11.0,4.73,31.89
SUP-0357,APAC,Tier 3,37.7,28.8,7.6,46.24
SUP-0358,EMEA,Tier 3,55.6,30.1,1.93,24.63
SUP-0359,APAC,Tier 3,60.6,19.7,5.28,21.47
SUP-0360,APAC,Tier 3,46.0,46.2,6.43,27.81
SUP-0361,APAC,Tier 3,50.9,28.4,3.92,19.04
SUP-0362,LATAM,Tier 3,52.2,14.4,5.9,32.01
SUP-0363,NAM,Tier 3,42.3,16.7,6.33,47.75
SUP-0364,EMEA,Tier 2,37.1,26.6,4.94,25.42
SUP-0365,EMEA,Tier 3,64.7,89.7,5.68,11.68
SUP-0366,LATAM,Tier 1,81.7,43.8,6.7,8.51
SUP-0367,EMEA,Tier 3,50.0,26.0,3.57,22.94
SUP-0368,APAC,Tier 3,80.1,39.7,7.34,33.49
SUP-0369,APAC,Tier 2,64.2,10.5,2.26,5.09
SUP-0370,APAC,Tier 3,57.9,27.6,5.03,23.04
SUP-0371,LATAM,Tier 3,57.0,26.6,4.55,20.26
SUP-0372,EMEA,Tier 3,67.2,32.9,5.18,26.34
SUP-0373,NAM,Tier 1,64.7,11.2,8.3,36.68
SUP-0374,LATAM,Tier 3,57.0,34.2,4.18,17.36
SUP-0375,EMEA,Tier 3,59.6,51.3,4.33,15.83
SUP-0376,APAC,Tier 3,81.0,20.4,5.19,18.49
SUP-0377,APAC,Tier 3,76.0,10.2,7.1,38.55
SUP-0378,EMEA,Tier 1,92.1,12.6,4.57,1.18
SUP-0379,LATAM,Tier 3,82.7,17.9,2.07,8.13
SUP-0380,APAC,Tier 2,37.5,18.0,6.77,31.54
SUP-0381,APAC,Tier 3,71.7,17.2,3.56,19.38
SUP-0382,NAM,Tier 2,47.2,22.5,4.86,12.37
SUP-0383,EMEA,Tier 3,81.5,27.9,6.4,26.74
SUP-0384,APAC,Tier 2,69.4,14.4,1.36,0.0
SUP-0385,APAC,Tier 2,47.8,32.4,5.13,13.77
SUP-0386,APAC,Tier 3,74.9,6.4,5.77,32.29
SUP-0387,APAC,Tier 3,44.1,13.9,4.78,41.68
SUP-0388,EMEA,Tier 3,40.6,37.1,8.05,53.25
SUP-0389,APAC,Tier 3,60.1,19.1,4.83,19.67
SUP-0390,APAC,Tier 1,40.1,20.7,5.31,32.87
SUP-0391,APAC,Tier 2,73.0,15.0,4.36,16.16
SUP-0392,APAC,Tier 3,47.3,9.4,5.05,35.97
SUP-0393,APAC,Tier 3,65.9,21.2,5.91,31.26
SUP-0394,APAC,Tier 3,50.5,16.9,9.86,63.19
SUP-0395,EMEA,Tier 3,52.5,29.7,4.47,33.37
SUP-0396,APAC,Tier 2,65.5,55.2,6.88,18.09
SUP-0397,EMEA,Tier 3,54.9,30.8,4.88,29.98
SUP-0398,APAC,Tier 3,59.3,19.0,5.74,32.4
SUP-0399,APAC,Tier 3,89.9,29.3,6.66,27.13
SUP-0400,APAC,Tier 1,80.9,7.8,10.0,26.91
SUP-0401,EMEA,Tier 3,88.1,33.1,2.47,6.3
SUP-0402,EMEA,Tier 3,40.4,27.1,4.21,21.78
SUP-0403,APAC,Tier 3,61.0,31.9,8.78,42.92
SUP-0404,EMEA,Tier 3,30.1,11.5,6.4,47.72
SUP-0405,EMEA,Tier 1,58.5,12.4,4.94,18.67
SUP-0406,LATAM,Tier 3,23.8,22.6,8.93,50.8
SUP-0407,NAM,Tier 3,60.8,23.8,4.55,24.62
SUP-0408,EMEA,Tier 1,59.0,16.0,0.33,0.0
SUP-0409,APAC,Tier 2,57.7,14.4,5.1,17.54
SUP-0410,EMEA,Tier 3,50.1,31.4,5.03,31.81
SUP-0411,APAC,Tier 1,76.2,22.9,2.25,0.0
SUP-0412,NAM,Tier 3,41.2,18.1,3.9,32.91
SUP-0413,NAM,Tier 3,80.7,14.8,4.84,21.99
SUP-0414,EMEA,Tier 2,75.7,19.2,4.54,16.46
SUP-0415,EMEA,Tier 1,68.7,34.2,4.83,9.37
SUP-0416,NAM,Tier 2,74.7,6.3,6.0,25.04
SUP-0417,APAC,Tier 1,71.1,16.8,3.82,10.9
SUP-0418,EMEA,Tier 3,63.8,30.0,4.7,20.66
SUP-0419,APAC,Tier 3,59.1,21.0,6.34,25.27
SUP-0420,NAM,Tier 2,41.5,12.5,5.43,28.51
SUP-0421,LATAM,Tier 2,49.0,11.2,4.7,14.58
SUP-0422,APAC,Tier 1,59.9,19.4,7.88,26.63
SUP-0423,APAC,Tier 3,48.6,17.4,7.18,44.43
SUP-0424,EMEA,Tier 1,85.8,20.2,4.26,3.76
SUP-0425,APAC,Tier 3,51.3,13.5,9.39,47.12
SUP-0426,EMEA,Tier 3,97.3,30.7,5.89,17.81
SUP-0427,EMEA,Tier 3,45.3,10.4,2.29,28.87
SUP-0428,APAC,Tier 2,39.9,19.1,4.48,24.42
SUP-0429,APAC,Tier 1,37.4,27.5,4.79,15.96
SUP-0430,APAC,Tier 3,41.0,14.8,3.85,24.54
SUP-0431,APAC,Tier 1,77.7,24.3,6.51,11.14
SUP-0432,NAM,Tier 1,68.0,27.2,2.6,10.55
SUP-0433,EMEA,Tier 3,84.0,5.0,2.93,13.17
SUP-0434,EMEA,Tier 2,69.6,19.2,5.08,22.8
SUP-0435,APAC,Tier 3,32.1,34.3,7.39,52.88
SUP-0436,LATAM,Tier 3,42.8,37.7,7.17,36.01
SUP-0437,LATAM,Tier 3,33.2,26.5,6.28,43.47
SUP-0438,APAC,Tier 1,40.3,23.0,7.86,37.94
SUP-0439,LATAM,Tier 3,54.5,31.3,9.25,46.72
SUP-0440,NAM,Tier 2,49.7,9.8,3.75,19.01
SUP-0441,APAC,Tier 3,84.7,39.0,3.36,3.45
SUP-0442,EMEA,Tier 3,66.5,15.3,4.0,25.52
SUP-0443,APAC,Tier 3,53.1,9.4,4.54,16.44
SUP-0444,NAM,Tier 3,34.9,17.0,4.72,33.11
SUP-0445,EMEA,Tier 1,62.3,16.6,4.98,15.92
SUP-0446,APAC,Tier 2,75.3,15.3,4.59,21.84
SUP-0447,LATAM,Tier 3,56.0,39.4,9.52,47.27
SUP-0448,EMEA,Tier 3,62.2,28.2,4.62,20.6
SUP-0449,APAC,Tier 2,69.2,13.8,6.93,32.85
SUP-0450,NAM,Tier 2,36.1,20.7,4.25,25.64
SUP-0451,EMEA,Tier 2,81.0,21.8,4.38,13.52
SUP-0452,NAM,Tier 2,59.4,32.3,1.15,0.0
SUP-0453,LATAM,Tier 3,39.7,22.0,4.02,28.91
SUP-0454,APAC,Tier 3,36.0,10.1,4.36,35.15
SUP-0455,EMEA,Tier 2,57.7,39.2,5.07,13.35
SUP-0456,EMEA,Tier 1,55.3,20.4,4.32,10.05
SUP-0457,APAC,Tier 3,49.9,14.5,5.39,40.3
SUP-0458,APAC,Tier 1,33.7,13.9,5.36,32.55
SUP-0459,NAM,Tier 3,60.3,12.8,4.53,36.56
SUP-0460,EMEA,Tier 3,66.3,24.0,3.91,28.82
SUP-0461,EMEA,Tier 1,68.3,22.0,6.02,16.34
SUP-0462,NAM,Tier 2,63.5,14.8,4.09,21.58
SUP-0463,APAC,Tier 1,47.8,17.1,9.4,44.37
SUP-0464,LATAM,Tier 1,56.2,17.0,2.44,3.6
SUP-0465,EMEA,Tier 3,61.4,37.5,4.4,14.13
SUP-0466,APAC,Tier 2,66.5,15.8,4.84,15.02
SUP-0467,APAC,Tier 2,58.5,39.4,5.49,16.24
SUP-0468,EMEA,Tier 3,69.2,20.6,6.3,31.25
SUP-0469,EMEA,Tier 3,64.5,21.8,7.82,44.83
SUP-0470,APAC,Tier 3,37.6,7.3,5.62,44.26
SUP-0471,NAM,Tier 3,56.4,29.5,3.77,23.36
SUP-0472,LATAM,Tier 3,46.3,28.4,2.94,23.12
SUP-0473,APAC,Tier 3,55.6,25.7,3.17,13.73
SUP-0474,APAC,Tier 2,55.4,22.4,5.88,21.94
SUP-0475,APAC,Tier 3,91.9,16.3,4.68,10.26
SUP-0476,APAC,Tier 3,73.0,34.3,4.99,15.94
SUP-0477,LATAM,Tier 3,52.9,22.1,5.39,29.94
SUP-0478,APAC,Tier 2,63.3,8.6,5.78,14.27
SUP-0479,APAC,Tier 2,61.4,5.3,6.09,27.58
SUP-0480,APAC,Tier 2,31.1,38.9,9.68,46.47
SUP-0481,NAM,Tier 3,59.3,16.5,2.25,20.79
SUP-0482,NAM,Tier 3,59.7,5.1,8.21,42.96
SUP-0483,APAC,Tier 3,68.1,20.4,6.1,28.59
SUP-0484,APAC,Tier 3,54.9,23.4,5.79,41.13
SUP-0485,NAM,Tier 3,78.3,15.8,4.79,19.05
SUP-0486,APAC,Tier 3,69.2,8.1,6.79,32.9
SUP-0487,EMEA,Tier 1,65.7,17.8,2.35,8.89
SUP-0488,EMEA,Tier 2,66.1,21.4,5.88,12.14
SUP-0489,APAC,Tier 3,51.8,12.3,8.1,45.36
SUP-0490,APAC,Tier 3,54.4,13.1,5.04,40.19
SUP-0491,EMEA,Tier 2,70.4,20.7,4.62,14.82
SUP-0492,NAM,Tier 3,56.6,20.4,4.56,18.68
SUP-0493,APAC,Tier 3,99.3,28.0,3.14,0.0
SUP-0494,APAC,Tier 2,64.6,41.6,7.04,30.6
SUP-0495,EMEA,Tier 3,54.0,17.0,2.93,15.95
SUP-0496,APAC,Tier 3,60.0,21.8,5.64,36.85
SUP-0497,APAC,Tier 3,63.1,13.4,5.92,42.01
SUP-0498,NAM,Tier 3,85.4,35.1,3.8,6.76
SUP-0499,APAC,Tier 3,56.1,22.9,2.07,15.01
SUP-0500,LATAM,Tier 3,45.2,25.8,4.67,34.09
SUP-0501,APAC,Tier 3,80.3,20.2,5.08,19.04
SUP-0502,EMEA,Tier 2,79.4,22.2,6.15,19.97
SUP-0503,APAC,Tier 2,83.8,33.0,8.9,18.44
SUP-0504,APAC,Tier 3,80.1,10.8,4.7,20.26
SUP-0505,APAC,Tier 2,41.7,28.1,8.77,42.48
SUP-0506,APAC,Tier 3,71.4,25.4,5.59,24.37
SUP-0507,NAM,Tier 1,61.4,33.5,6.3,19.55
SUP-0508,APAC,Tier 2,32.7,24.0,6.66,32.79
SUP-0509,APAC,Tier 1,49.1,16.4,5.97,22.85
SUP-0510,NAM,Tier 3,70.5,12.3,7.61,33.55
SUP-0511,NAM,Tier 2,57.3,21.1,0.85,0.0
SUP-0512,APAC,Tier 2,72.1,37.8,6.46,18.18
SUP-0513,NAM,Tier 3,69.7,19.5,2.12,14.83
SUP-0514,EMEA,Tier 3,43.2,15.3,1.79,16.08
SUP-0515,APAC,Tier 2,54.7,30.5,6.04,18.49
SUP-0516,NAM,Tier 2,36.8,41.5,6.97,38.39
SUP-0517,NAM,Tier 2,34.1,23.2,4.06,25.97
SUP-0518,APAC,Tier 3,59.6,10.8,5.92,23.37
SUP-0519,LATAM,Tier 2,56.2,11.0,4.21,25.63
SUP-0520,NAM,Tier 2,53.9,23.2,3.64,8.75
SUP-0521,APAC,Tier 3,71.8,11.1,7.28,38.1
SUP-0522,EMEA,Tier 2,44.8,23.7,7.61,34.46
SUP-0523,LATAM,Tier 3,80.4,10.3,5.86,25.21
SUP-0524,EMEA,Tier 2,60.6,14.6,2.82,14.29
SUP-0525,APAC,Tier 3,63.9,46.9,6.55,24.03
SUP-0526,EMEA,Tier 2,61.4,23.4,4.54,13.03
SUP-0527,EMEA,Tier 3,53.3,9.7,3.57,23.38
SUP-0528,APAC,Tier 1,64.0,18.0,2.95,5.68
SUP-0529,NAM,Tier 3,58.3,21.8,4.94,28.02
SUP-0530,APAC,Tier 3,57.6,29.0,3.98,27.25
SUP-0531,NAM,Tier 3,69.1,15.5,3.25,17.84
SUP-0532,EMEA,Tier 3,53.5,17.9,0.0,5.76
SUP-0533,EMEA,Tier 2,59.2,8.7,4.04,15.57
SUP-0534,EMEA,Tier 3,66.2,29.8,3.34,7.2
SUP-0535,EMEA,Tier 3,86.5,16.2,3.63,20.96
SUP-0536,APAC,Tier 2,70.0,31.4,5.66,13.99
SUP-0537,EMEA,Tier 2,27.3,5.8,7.87,49.41
SUP-0538,EMEA,Tier 3,58.6,51.2,2.69,8.4
SUP-0539,EMEA,Tier 2,73.8,7.0,6.22,26.4
SUP-0540,NAM,Tier 2,60.7,22.5,7.23,26.78
SUP-0541,NAM,Tier 3,71.5,12.5,3.05,7.45
SUP-0542,EMEA,Tier 2,85.3,15.3,4.42,9.33
SUP-0543,APAC,Tier 3,72.2,27.0,7.59,30.67
SUP-0544,APAC,Tier 3,71.2,6.7,5.6,30.1
SUP-0545,EMEA,Tier 2,34.3,14.5,7.13,40.05
SUP-0546,APAC,Tier 2,52.1,18.5,2.56,6.33
SUP-0547,APAC,Tier 3,57.0,30.3,4.4,28.42
SUP-0548,APAC,Tier 3,51.3,12.3,3.6,24.38
SUP-0549,APAC,Tier 1,65.6,32.3,4.61,13.35
SUP-0550,EMEA,Tier 3,71.7,9.2,4.08,21.71
SUP-0551,EMEA,Tier 2,56.8,25.0,6.04,18.14
SUP-0552,EMEA,Tier 3,74.1,11.9,3.05,11.85
SUP-0553,APAC,Tier 2,65.6,19.4,7.54,33.04
SUP-0554,APAC,Tier 3,32.6,22.6,3.78,28.98
SUP-0555,APAC,Tier 3,63.0,38.5,5.62,22.13
SUP-0556,APAC,Tier 1,66.1,11.9,4.13,7.22
SUP-0557,NAM,Tier 1,38.4,12.0,0.53,1.25
SUP-0558,APAC,Tier 2,65.2,18.8,7.37,22.97
SUP-0559,NAM,Tier 2,69.6,26.0,0.59,0.0
SUP-0560,EMEA,Tier 1,70.0,27.5,2.49,0.0
SUP-0561,LATAM,Tier 3,50.8,20.0,6.31,34.41
SUP-0562,APAC,Tier 3,57.9,12.2,7.75,39.53
SUP-0563,APAC,Tier 2,79.0,22.8,5.29,19.86
SUP-0564,APAC,Tier 3,52.7,23.3,7.05,39.75
SUP-0565,APAC,Tier 3,68.0,38.8,6.79,30.04
SUP-0566,NAM,Tier 3,80.3,12.6,1.28,0.0
SUP-0567,APAC,Tier 2,81.5,64.9,8.23,20.37
SUP-0568,APAC,Tier 3,35.3,46.9,8.49,57.25
SUP-0569,EMEA,Tier 3,84.7,19.9,2.76,10.29
SUP-0570,LATAM,Tier 3,77.3,13.4,6.88,26.94
SUP-0571,EMEA,Tier 3,71.0,24.9,5.14,23.58
SUP-0572,LATAM,Tier 3,40.5,26.3,7.19,38.62
SUP-0573,APAC,Tier 2,91.7,20.3,5.19,0.0
SUP-0574,EMEA,Tier 3,57.6,19.0,5.53,37.22
SUP-0575,EMEA,Tier 2,66.9,14.0,1.82,0.0
SUP-0576,EMEA,Tier 3,71.1,38.3,5.11,25.38
SUP-0577,LATAM,Tier 3,47.8,18.0,6.06,43.06
SUP-0578,NAM,Tier 2,51.3,15.6,6.03,18.11
SUP-0579,APAC,Tier 3,55.1,12.0,3.71,28.4
SUP-0580,EMEA,Tier 3,39.2,20.0,3.76,34.38
SUP-0581,APAC,Tier 1,59.6,25.7,7.55,24.09
SUP-0582,APAC,Tier 1,62.4,68.1,7.53,19.64
SUP-0583,APAC,Tier 3,52.2,52.3,7.59,32.13
SUP-0584,APAC,Tier 3,61.3,25.2,8.98,40.37
SUP-0585,NAM,Tier 2,56.2,7.1,4.22,18.83
SUP-0586,NAM,Tier 1,76.3,15.2,4.46,4.89
SUP-0587,APAC,Tier 3,53.2,30.1,6.35,28.53
SUP-0588,EMEA,Tier 3,78.9,21.8,5.26,28.37
SUP-0589,APAC,Tier 1,48.3,15.3,3.98,22.97
SUP-0590,APAC,Tier 3,50.3,5.0,6.67,51.37
SUP-0591,APAC,Tier 2,51.0,14.0,4.94,28.72
SUP-0592,EMEA,Tier 2,44.5,6.3,6.82,32.15
SUP-0593,NAM,Tier 2,56.2,19.6,4.71,8.95
SUP-0594,NAM,Tier 3,82.2,26.1,0.21,0.0
SUP-0595,APAC,Tier 1,40.3,9.9,5.32,26.78
SUP-0596,NAM,Tier 3,69.3,10.3,2.38,2.25
SUP-0597,APAC,Tier 2,60.2,11.6,5.31,18.7
SUP-0598,LATAM,Tier 1,64.1,57.2,3.14,0.85
SUP-0599,APAC,Tier 3,58.5,11.6,4.52,29.61
SUP-0600,EMEA,Tier 3,57.5,40.0,3.8,16.78
SUP-0601,EMEA,Tier 1,73.3,32.0,5.21,17.43
SUP-0602,LATAM,Tier 2,44.2,30.4,3.49,11.83
SUP-0603,APAC,Tier 3,62.9,34.3,6.23,15.66
SUP-0604,NAM,Tier 3,46.2,16.3,3.75,26.82
SUP-0605,APAC,Tier 3,63.6,18.6,5.99,25.82
SUP-0606,NAM,Tier 3,47.3,16.0,0.0,9.47
SUP-0607,NAM,Tier 2,53.4,26.0,0.08,0.0
SUP-0608,APAC,Tier 3,73.0,18.6,7.91,31.46
SUP-0609,EMEA,Tier 3,42.7,31.4,3.99,21.05
SUP-0610,LATAM,Tier 2,51.2,20.3,5.26,25.63
SUP-0611,LATAM,Tier 3,47.2,19.6,6.16,43.89
SUP-0612,APAC,Tier 2,44.4,18.8,4.9,30.26
SUP-0613,APAC,Tier 3,79.7,7.5,6.2,21.1
SUP-0614,APAC,Tier 3,56.3,23.1,5.77,24.37
SUP-0615,APAC,Tier 1,61.8,13.9,6.15,24.91
SUP-0616,EMEA,Tier 1,77.1,15.5,4.2,0.52
SUP-0617,APAC,Tier 3,23.1,13.2,6.43,50.14
SUP-0618,EMEA,Tier 2,70.8,23.6,5.95,19.47
SUP-0619,APAC,Tier 2,70.5,45.8,2.12,0.0
SUP-0620,EMEA,Tier 2,70.7,36.0,2.68,4.49
SUP-0621,APAC,Tier 3,91.9,17.2,6.1,24.64
SUP-0622,APAC,Tier 3,48.5,22.8,5.15,31.97
SUP-0623,APAC,Tier 2,44.5,56.5,6.75,28.26
SUP-0624,EMEA,Tier 1,59.0,9.3,5.35,23.38
SUP-0625,EMEA,Tier 1,74.6,19.8,5.73,11.87
SUP-0626,EMEA,Tier 1,70.4,12.3,4.68,11.83
SUP-0627,APAC,Tier 2,61.0,19.6,5.01,28.35
SUP-0628,APAC,Tier 2,59.2,18.3,5.87,19.63
SUP-0629,EMEA,Tier 2,63.7,13.7,2.86,7.76
SUP-0630,APAC,Tier 3,39.6,31.9,3.85,36.45
SUP-0631,EMEA,Tier 3,32.7,10.2,2.87,29.13
SUP-0632,NAM,Tier 1,33.5,18.1,8.02,35.83
SUP-0633,APAC,Tier 3,55.1,36.7,4.74,22.64
SUP-0634,EMEA,Tier 3,58.9,14.9,0.74,10.01
SUP-0635,NAM,Tier 3,80.6,19.4,3.16,10.21
SUP-0636,APAC,Tier 3,46.9,35.6,6.48,30.22
SUP-0637,EMEA,Tier 3,42.0,44.1,4.28,19.43
SUP-0638,APAC,Tier 1,54.8,10.5,7.56,30.47
SUP-0639,APAC,Tier 3,81.5,17.1,6.12,29.26
SUP-0640,APAC,Tier 1,55.8,20.4,5.02,20.73
SUP-0641,NAM,Tier 3,41.4,5.0,2.7,22.38
SUP-0642,LATAM,Tier 3,77.6,8.2,7.45,28.89
SUP-0643,EMEA,Tier 3,72.6,23.9,2.65,10.22
SUP-0644,EMEA,Tier 3,83.1,6.7,3.21,10.38
SUP-0645,NAM,Tier 1,27.0,29.6,4.7,24.93
SUP-0646,APAC,Tier 2,24.5,11.7,5.43,41.29
SUP-0647,EMEA,Tier 3,42.1,29.8,4.51,27.37
SUP-0648,APAC,Tier 3,79.6,22.9,2.05,3.79
SUP-0649,APAC,Tier 3,38.4,30.7,6.77,39.25
SUP-0650,NAM,Tier 1,60.0,28.7,1.63,0.0
SUP-0651,APAC,Tier 3,80.3,17.5,6.07,28.36
SUP-0652,APAC,Tier 3,55.2,34.8,6.36,36.72
SUP-0653,NAM,Tier 3,56.3,14.2,6.56,37.55
SUP-0654,APAC,Tier 2,75.9,12.8,5.0,7.49
SUP-0655,EMEA,Tier 3,68.7,25.0,8.29,37.61
SUP-0656,NAM,Tier 2,51.9,31.2,3.81,2.68
SUP-0657,EMEA,Tier 1,62.3,63.1,5.01,6.37
SUP-0658,APAC,Tier 2,40.8,38.0,8.94,36.81
SUP-0659,LATAM,Tier 3,63.2,15.7,6.23,34.68
SUP-0660,APAC,Tier 3,71.7,11.0,9.93,45.17
SUP-0661,EMEA,Tier 1,44.0,10.4,6.2,31.12
SUP-0662,APAC,Tier 3,50.8,29.6,6.49,43.45
SUP-0663,APAC,Tier 1,57.1,7.6,0.0,2.01
SUP-0664,NAM,Tier 1,67.0,11.8,2.65,3.9
SUP-0665,EMEA,Tier 3,69.6,9.7,8.25,36.08
SUP-0666,APAC,Tier 1,55.9,11.8,6.78,32.59
SUP-0667,APAC,Tier 1,40.6,14.7,0.89,6.73
SUP-0668,EMEA,Tier 3,87.8,43.3,6.58,18.67
SUP-0669,NAM,Tier 3,51.7,24.3,2.81,15.25
SUP-0670,APAC,Tier 2,76.8,18.2,6.94,25.58
SUP-0671,NAM,Tier 3,30.2,23.9,0.0,23.85
SUP-0672,EMEA,Tier 3,55.6,9.6,5.57,32.16
SUP-0673,NAM,Tier 3,43.0,27.1,4.17,33.24
SUP-0674,APAC,Tier 2,62.8,12.2,4.91,17.37
SUP-0675,NAM,Tier 3,62.9,31.8,6.81,34.05
SUP-0676,APAC,Tier 2,75.0,16.9,5.49,19.29
SUP-0677,NAM,Tier 2,63.8,36.8,1.37,0.0
SUP-0678,APAC,Tier 2,71.7,25.4,6.74,19.26
SUP-0679,APAC,Tier 2,56.0,26.8,5.27,17.22
SUP-0680,LATAM,Tier 2,32.2,32.0,7.76,39.58
SUP-0681,EMEA,Tier 3,57.9,27.0,4.41,25.14
SUP-0682,EMEA,Tier 3,55.1,11.9,5.24,27.1
SUP-0683,APAC,Tier 1,87.0,76.2,2.68,0.0
SUP-0684,LATAM,Tier 3,55.1,59.2,4.88,25.43
SUP-0685,EMEA,Tier 3,68.1,30.2,6.68,38.89
SUP-0686,APAC,Tier 3,80.6,12.7,5.88,29.39
SUP-0687,EMEA,Tier 3,52.7,24.4,6.6,32.93
SUP-0688,APAC,Tier 3,41.1,38.2,8.05,35.48
SUP-0689,NAM,Tier 2,83.2,32.4,2.9,0.0
SUP-0690,LATAM,Tier 3,69.9,16.2,7.52,32.99
SUP-0691,APAC,Tier 2,58.6,13.1,7.12,32.9
SUP-0692,EMEA,Tier 2,47.3,24.6,5.21,22.27
SUP-0693,EMEA,Tier 1,50.5,11.1,7.81,32.28
SUP-0694,APAC,Tier 3,67.1,14.7,1.7,17.27
SUP-0695,NAM,Tier 3,45.3,37.2,1.07,8.46
SUP-0696,EMEA,Tier 3,70.7,10.1,4.04,17.64
SUP-0697,APAC,Tier 1,75.1,21.8,5.31,13.05
SUP-0698,APAC,Tier 3,62.4,23.3,0.0,0.0
SUP-0699,EMEA,Tier 2,72.7,26.2,5.39,15.11
SUP-0700,LATAM,Tier 1,52.8,29.7,7.75,29.58
SUP-0701,EMEA,Tier 1,48.0,54.6,3.93,9.94
SUP-0702,EMEA,Tier 2,48.9,20.8,0.84,0.0
SUP-0703,LATAM,Tier 3,71.8,13.7,2.98,12.93
SUP-0704,NAM,Tier 2,40.5,32.3,4.52,25.27
SUP-0705,APAC,Tier 2,56.4,18.4,6.45,19.42
SUP-0706,APAC,Tier 3,72.0,22.2,3.82,21.21
SUP-0707,EMEA,Tier 2,64.9,12.8,5.47,16.71
SUP-0708,EMEA,Tier 3,71.2,14.8,0.87,1.66
SUP-0709,APAC,Tier 3,26.7,14.7,7.3,55.35
SUP-0710,APAC,Tier 1,54.3,10.9,6.12,28.05
SUP-0711,APAC,Tier 2,69.1,26.9,7.94,29.64
SUP-0712,APAC,Tier 3,53.3,17.6,5.94,28.76
SUP-0713,APAC,Tier 2,37.7,25.7,6.92,37.55
SUP-0714,APAC,Tier 2,56.2,10.8,7.43,35.37
SUP-0715,EMEA,Tier 1,60.4,19.7,5.39,20.03
SUP-0716,APAC,Tier 3,63.4,17.7,4.39,21.41
SUP-0717,APAC,Tier 2,49.0,18.7,4.34,12.53
SUP-0718,APAC,Tier 3,68.1,18.5,7.76,44.54
SUP-0719,EMEA,Tier 2,36.1,10.7,6.55,29.11
SUP-0720,APAC,Tier 2,25.6,21.1,6.6,38.25
SUP-0721,APAC,Tier 3,46.4,25.8,3.17,27.91
SUP-0722,EMEA,Tier 3,44.3,39.6,7.95,40.55
SUP-0723,APAC,Tier 3,70.6,15.8,4.05,18.84
SUP-0724,APAC,Tier 3,55.3,20.7,6.58,36.6
SUP-0725,EMEA,Tier 3,56.7,16.3,1.84,20.82
SUP-0726,NAM,Tier 3,51.8,61.6,6.2,30.28
SUP-0727,NAM,Tier 1,49.8,20.3,5.04,22.07
SUP-0728,NAM,Tier 2,69.4,12.8,6.01,14.32
SUP-0729,EMEA,Tier 1,51.0,18.9,6.97,34.61
SUP-0730,APAC,Tier 2,64.8,26.8,4.58,7.01
SUP-0731,APAC,Tier 1,65.3,21.4,2.91,7.57
SUP-0732,NAM,Tier 3,56.4,12.5,2.9,20.74
SUP-0733,LATAM,Tier 3,90.8,31.6,4.96,10.82
SUP-0734,EMEA,Tier 1,46.7,11.5,4.06,19.44
SUP-0735,EMEA,Tier 2,62.7,15.1,7.1,24.68
SUP-0736,EMEA,Tier 3,29.9,14.6,2.96,29.32
SUP-0737,EMEA,Tier 3,74.7,20.2,4.81,20.44
SUP-0738,EMEA,Tier 2,51.8,10.2,3.42,19.39
SUP-0739,EMEA,Tier 2,48.4,26.1,2.01,2.36
SUP-0740,EMEA,Tier 2,68.5,23.1,8.31,27.08
SUP-0741,EMEA,Tier 2,33.8,13.2,4.2,30.65
SUP-0742,EMEA,Tier 3,41.3,20.1,3.79,28.65
SUP-0743,APAC,Tier 3,34.2,21.1,8.76,57.53
SUP-0744,NAM,Tier 1,62.6,13.4,5.66,20.64
SUP-0745,EMEA,Tier 1,97.7,37.5,6.34,2.84
SUP-0746,EMEA,Tier 1,59.2,40.7,0.0,0.0
SUP-0747,NAM,Tier 2,44.9,19.4,1.32,17.25
SUP-0748,APAC,Tier 3,54.9,14.6,4.17,17.12
SUP-0749,APAC,Tier 2,60.5,29.5,4.67,0.0
SUP-0750,APAC,Tier 3,28.4,43.1,3.68,27.43
SUP-0751,APAC,Tier 3,39.9,33.3,5.87,38.36
SUP-0752,NAM,Tier 3,40.5,17.6,0.94,19.36
SUP-0753,EMEA,Tier 2,44.6,29.9,8.06,40.68
SUP-0754,EMEA,Tier 3,46.2,55.7,0.7,4.77
SUP-0755,APAC,Tier 1,82.5,19.4,8.23,22.27
SUP-0756,APAC,Tier 2,60.9,10.9,4.18,16.27
SUP-0757,EMEA,Tier 3,74.3,15.4,3.03,19.32
SUP-0758,NAM,Tier 3,63.5,29.3,6.53,29.92
SUP-0759,APAC,Tier 1,50.7,31.9,2.36,13.57
SUP-0760,APAC,Tier 1,56.9,25.3,6.57,25.59
SUP-0761,APAC,Tier 3,64.5,15.0,3.75,18.3
SUP-0762,NAM,Tier 3,59.2,17.6,2.33,18.23
SUP-0763,NAM,Tier 1,89.0,5.0,1.68,0.61
SUP-0764,EMEA,Tier 2,46.4,8.2,3.97,22.89
SUP-0765,APAC,Tier 3,64.3,8.7,8.11,33.16
SUP-0766,APAC,Tier 3,68.8,33.9,7.45,24.43
SUP-0767,APAC,Tier 3,62.6,20.5,4.44,29.11
SUP-0768,APAC,Tier 2,63.6,13.9,8.76,41.07
SUP-0769,LATAM,Tier 3,99.9,22.7,7.33,20.08
SUP-0770,APAC,Tier 3,41.3,23.5,10.0,60.47
SUP-0771,LATAM,Tier 3,54.7,19.1,6.75,34.35
SUP-0772,LATAM,Tier 3,44.5,13.5,5.58,30.54
SUP-0773,EMEA,Tier 2,55.4,13.8,4.01,15.47
SUP-0774,LATAM,Tier 2,94.8,36.4,4.91,1.58
SUP-0775,NAM,Tier 3,56.6,17.6,7.05,34.2
SUP-0776,APAC,Tier 3,73.3,17.3,6.92,36.1
SUP-0777,NAM,Tier 3,42.0,24.1,3.64,33.74
SUP-0778,EMEA,Tier 3,52.5,28.0,5.15,36.18
SUP-0779,APAC,Tier 3,78.2,17.9,5.25,28.74
SUP-0780,EMEA,Tier 3,56.7,32.8,4.84,15.75
SUP-0781,NAM,Tier 3,49.2,35.5,2.89,22.3
SUP-0782,EMEA,Tier 3,48.9,26.8,4.45,24.04
SUP-0783,NAM,Tier 3,68.4,19.3,6.08,25.78
SUP-0784,APAC,Tier 3,61.3,9.9,8.27,41.61
SUP-0785,APAC,Tier 1,90.2,7.8,3.14,0.0
SUP-0786,APAC,Tier 3,63.6,29.6,7.5,44.35
SUP-0787,EMEA,Tier 3,53.1,14.9,8.78,46.58
SUP-0788,NAM,Tier 2,59.6,33.3,4.64,14.26
SUP-0789,NAM,Tier 1,62.5,16.5,5.36,16.13
SUP-0790,EMEA,Tier 2,72.0,18.5,5.63,20.29
SUP-0791,NAM,Tier 1,57.4,26.2,7.03,25.72
SUP-0792,APAC,Tier 3,62.1,7.4,6.77,36.24
SUP-0793,EMEA,Tier 3,62.3,45.9,1.34,0.0
SUP-0794,NAM,Tier 2,46.8,15.9,1.17,3.59
SUP-0795,NAM,Tier 2,76.0,9.3,2.71,0.0
SUP-0796,APAC,Tier 2,58.0,47.2,5.47,20.81
SUP-0797,LATAM,Tier 3,65.6,64.1,6.8,28.06
SUP-0798,APAC,Tier 3,29.2,35.4,5.48,35.06
SUP-0799,APAC,Tier 3,64.6,11.8,7.91,40.64
SUP-0800,EMEA,Tier 2,48.4,32.9,0.73,0.34
SUP-0801,LATAM,Tier 3,69.7,22.2,5.98,25.01
SUP-0802,EMEA,Tier 1,20.1,37.8,2.45,20.99
SUP-0803,APAC,Tier 2,59.7,20.4,0.0,0.0
SUP-0804,NAM,Tier 3,61.7,26.3,4.29,19.43
SUP-0805,APAC,Tier 1,82.8,17.3,1.82,0.0
SUP-0806,APAC,Tier 3,46.2,36.6,5.96,29.67
SUP-0807,EMEA,Tier 3,75.7,14.9,7.8,42.84
SUP-0808,EMEA,Tier 3,62.0,24.4,8.02,31.45
SUP-0809,APAC,Tier 3,60.8,10.1,9.12,50.83
SUP-0810,APAC,Tier 3,63.2,25.4,7.3,34.08
SUP-0811,EMEA,Tier 1,50.4,14.8,4.03,14.57
SUP-0812,NAM,Tier 3,82.6,16.9,4.73,25.46
SUP-0813,NAM,Tier 3,65.8,20.3,5.47,28.56
SUP-0814,LATAM,Tier 2,57.6,9.9,6.73,26.1
SUP-0815,APAC,Tier 2,53.9,11.0,6.46,29.37
SUP-0816,EMEA,Tier 3,69.1,21.9,3.7,14.1
SUP-0817,EMEA,Tier 1,73.4,16.0,7.75,28.63
SUP-0818,APAC,Tier 3,67.6,12.8,8.67,35.28
SUP-0819,APAC,Tier 3,59.6,49.0,9.32,45.71
SUP-0820,NAM,Tier 1,71.9,10.8,2.68,2.34
SUP-0821,EMEA,Tier 1,68.4,14.4,3.76,2.95
SUP-0822,NAM,Tier 3,71.0,21.8,2.8,13.14
SUP-0823,APAC,Tier 2,64.9,26.3,6.72,23.95
SUP-0824,EMEA,Tier 2,69.5,25.0,6.63,16.65
SUP-0825,NAM,Tier 1,88.8,9.9,3.57,0.0
SUP-0826,APAC,Tier 2,53.9,18.8,3.87,12.05
SUP-0827,EMEA,Tier 1,61.7,24.7,3.8,10.09
SUP-0828,EMEA,Tier 3,63.8,11.6,4.94,25.41
SUP-0829,EMEA,Tier 3,78.5,22.9,5.54,23.82
SUP-0830,APAC,Tier 2,83.0,25.3,7.3,18.62
SUP-0831,EMEA,Tier 1,63.4,26.1,2.27,0.0
SUP-0832,EMEA,Tier 3,61.3,19.9,7.7,40.22
SUP-0833,APAC,Tier 2,65.7,34.8,7.71,27.6
SUP-0834,NAM,Tier 2,40.8,21.2,4.53,29.38
SUP-0835,NAM,Tier 2,69.2,13.4,1.38,0.0
SUP-0836,LATAM,Tier 3,72.8,12.5,6.14,27.9
SUP-0837,NAM,Tier 1,64.7,22.3,2.26,0.0
SUP-0838,LATAM,Tier 2,75.9,15.7,2.41,0.0
SUP-0839,APAC,Tier 3,63.2,9.7,8.52,39.66
SUP-0840,EMEA,Tier 2,48.4,22.6,4.37,19.54
SUP-0841,APAC,Tier 2,77.0,30.3,7.03,23.03
SUP-0842,APAC,Tier 2,71.9,13.5,5.64,18.47
SUP-0843,APAC,Tier 3,41.5,45.8,5.3,23.01
SUP-0844,EMEA,Tier 3,37.3,42.0,0.67,16.45
SUP-0845,NAM,Tier 3,52.8,15.2,4.03,20.97
SUP-0846,EMEA,Tier 3,48.5,12.2,4.53,19.0
SUP-0847,NAM,Tier 2,51.2,18.4,3.7,15.92
SUP-0848,NAM,Tier 3,70.4,15.5,4.89,31.08
SUP-0849,APAC,Tier 2,43.8,18.2,5.18,22.8
SUP-0850,APAC,Tier 3,78.6,5.0,3.28,20.49
SUP-0851,EMEA,Tier 2,65.4,40.6,1.85,0.0
SUP-0852,NAM,Tier 3,34.0,17.6,3.74,33.99
SUP-0853,NAM,Tier 3,44.6,24.8,3.86,24.76
SUP-0854,APAC,Tier 3,71.4,27.2,5.04,19.95
SUP-0855,EMEA,Tier 3,70.7,22.5,3.3,11.1
SUP-0856,APAC,Tier 1,73.7,22.5,4.56,6.42
SUP-0857,APAC,Tier 3,81.2,17.9,3.37,13.56
SUP-0858,EMEA,Tier 3,65.2,21.8,5.73,25.44
SUP-0859,NAM,Tier 1,66.5,26.0,2.52,0.0
SUP-0860,APAC,Tier 1,63.6,20.7,8.12,31.81
SUP-0861,EMEA,Tier 3,54.7,16.9,6.91,37.28
SUP-0862,APAC,Tier 3,51.1,29.0,5.71,32.41
SUP-0863,APAC,Tier 3,70.0,23.5,2.04,5.82
SUP-0864,APAC,Tier 3,76.9,44.7,7.14,21.39
SUP-0865,LATAM,Tier 1,69.1,14.3,10.0,32.05
SUP-0866,APAC,Tier 2,47.6,33.1,6.7,27.5
SUP-0867,NAM,Tier 3,52.3,33.0,6.56,38.41
SUP-0868,APAC,Tier 3,40.0,10.2,10.0,61.11
SUP-0869,LATAM,Tier 1,67.9,54.3,7.08,19.81
SUP-0870,LATAM,Tier 3,53.1,19.0,5.78,31.86
SUP-0871,EMEA,Tier 2,67.8,29.6,4.17,14.81
SUP-0872,EMEA,Tier 2,78.2,9.0,5.02,9.46
SUP-0873,LATAM,Tier 3,60.5,19.6,7.1,40.55
SUP-0874,EMEA,Tier 3,53.3,19.4,3.78,22.95
SUP-0875,EMEA,Tier 1,68.3,33.3,3.79,0.0
SUP-0876,APAC,Tier 3,37.0,27.2,3.32,24.53
SUP-0877,APAC,Tier 1,35.2,14.0,4.27,27.31
SUP-0878,EMEA,Tier 3,76.8,29.1,6.96,25.25
SUP-0879,APAC,Tier 1,56.0,42.9,2.15,0.0
SUP-0880,APAC,Tier 3,50.9,40.7,6.07,26.2
SUP-0881,APAC,Tier 3,76.2,18.8,7.76,33.07
SUP-0882,NAM,Tier 3,23.6,7.5,3.33,27.92
SUP-0883,NAM,Tier 2,48.1,13.2,6.44,29.07
SUP-0884,NAM,Tier 2,67.4,30.5,2.89,0.0
SUP-0885,EMEA,Tier 2,62.2,24.3,5.58,14.69
SUP-0886,APAC,Tier 3,74.6,21.6,9.51,36.79
SUP-0887,EMEA,Tier 1,70.1,15.9,7.01,24.37
SUP-0888,APAC,Tier 2,100.0,44.1,6.91,11.7
SUP-0889,EMEA,Tier 2,41.3,21.6,4.32,22.04
SUP-0890,EMEA,Tier 2,61.2,14.4,5.03,25.19
SUP-0891,NAM,Tier 3,63.9,35.7,5.23,33.58
SUP-0892,NAM,Tier 3,43.3,21.6,4.89,38.94
SUP-0893,NAM,Tier 1,32.8,50.4,2.87,13.6
SUP-0894,APAC,Tier 2,46.6,23.1,10.0,42.06
SUP-0895,APAC,Tier 2,51.8,38.9,4.49,16.27
SUP-0896,EMEA,Tier 2,62.8,16.5,3.99,14.33
SUP-0897,NAM,Tier 1,61.3,48.8,4.84,13.08
SUP-0898,EMEA,Tier 1,46.7,16.2,7.6,39.23
SUP-0899,EMEA,Tier 2,61.0,32.8,6.21,16.33
SUP-0900,APAC,Tier 3,52.3,16.5,6.66,44.17
SUP-0901,EMEA,Tier 3,63.6,23.8,5.21,21.92
SUP-0902,APAC,Tier 3,42.7,11.7,4.16,34.17
SUP-0903,NAM,Tier 3,73.7,10.1,2.29,7.33
SUP-0904,EMEA,Tier 2,74.8,46.6,6.53,19.32
SUP-0905,APAC,Tier 1,83.0,33.3,5.34,1.29
SUP-0906,APAC,Tier 1,49.0,15.7,7.3,34.41
SUP-0907,EMEA,Tier 3,52.3,8.5,2.84,20.51
SUP-0908,APAC,Tier 1,70.9,23.5,7.43,23.15
SUP-0909,EMEA,Tier 3,64.5,14.4,2.62,17.37
SUP-0910,APAC,Tier 2,62.2,13.8,6.89,25.89
SUP-0911,NAM,Tier 3,40.9,13.4,5.3,33.67
SUP-0912,EMEA,Tier 3,68.1,15.5,5.48,27.82
SUP-0913,APAC,Tier 2,95.8,7.1,4.34,0.71
SUP-0914,APAC,Tier 3,87.0,13.4,7.79,32.36
SUP-0915,LATAM,Tier 2,57.0,48.4,4.56,6.19
SUP-0916,EMEA,Tier 2,69.6,7.9,4.27,10.14
SUP-0917,APAC,Tier 3,26.6,14.3,6.09,42.28
SUP-0918,EMEA,Tier 3,58.2,13.9,5.09,31.92
SUP-0919,EMEA,Tier 3,51.7,13.3,3.61,18.21
SUP-0920,EMEA,Tier 1,55.1,19.6,2.98,9.73
SUP-0921,NAM,Tier 2,53.0,28.5,5.56,26.59
SUP-0922,EMEA,Tier 3,49.2,10.3,3.09,24.96
SUP-0923,EMEA,Tier 1,79.0,20.0,4.83,9.07
SUP-0924,APAC,Tier 3,65.4,38.7,8.83,39.82
SUP-0925,NAM,Tier 2,63.8,45.1,2.95,0.0
SUP-0926,EMEA,Tier 3,60.1,52.0,2.18,7.17
SUP-0927,APAC,Tier 2,76.5,15.2,10.0,39.53
SUP-0928,APAC,Tier 3,68.5,13.0,7.96,36.72
SUP-0929,NAM,Tier 1,86.7,10.4,3.87,7.04
SUP-0930,EMEA,Tier 1,84.5,16.5,3.79,0.65
SUP-0931,LATAM,Tier 3,60.0,36.1,5.13,23.04
SUP-0932,EMEA,Tier 1,57.8,29.8,4.61,16.76
SUP-0933,EMEA,Tier 3,60.8,12.0,1.88,16.02
SUP-0934,EMEA,Tier 1,73.1,34.1,7.12,23.7
SUP-0935,NAM,Tier 2,48.1,50.3,2.77,0.0
SUP-0936,NAM,Tier 1,63.1,6.4,3.93,12.01
SUP-0937,APAC,Tier 1,64.3,29.0,5.56,14.31
SUP-0938,NAM,Tier 3,67.7,12.1,5.18,26.4
SUP-0939,EMEA,Tier 2,66.0,32.7,4.32,5.93
SUP-0940,NAM,Tier 3,46.2,17.6,3.28,21.41
SUP-0941,APAC,Tier 3,60.4,21.2,5.19,36.92
SUP-0942,LATAM,Tier 1,40.9,21.8,7.4,40.39
SUP-0943,EMEA,Tier 2,42.8,20.4,5.93,26.0
SUP-0944,EMEA,Tier 3,67.8,25.3,2.15,0.0
SUP-0945,APAC,Tier 3,59.6,13.3,8.83,51.15
SUP-0946,APAC,Tier 3,59.4,20.6,7.14,35.54
SUP-0947,EMEA,Tier 2,69.9,10.8,4.2,10.53
SUP-0948,APAC,Tier 3,40.8,22.6,7.06,48.96
SUP-0949,NAM,Tier 3,45.7,30.7,4.6,26.14
SUP-0950,APAC,Tier 2,61.2,35.7,8.88,27.29
SUP-0951,EMEA,Tier 3,81.6,29.2,5.75,19.12
SUP-0952,EMEA,Tier 3,58.3,27.6,6.65,42.4
SUP-0953,APAC,Tier 1,66.9,17.6,6.61,8.93
SUP-0954,EMEA,Tier 3,42.3,20.2,4.26,31.18
SUP-0955,APAC,Tier 3,79.4,24.9,7.12,30.51
SUP-0956,NAM,Tier 2,78.4,31.9,5.31,10.45
SUP-0957,LATAM,Tier 3,63.4,19.6,4.58,37.46
SUP-0958,EMEA,Tier 2,87.0,9.5,6.28,11.91
SUP-0959,APAC,Tier 2,67.3,18.6,5.95,22.16
SUP-0960,LATAM,Tier 2,38.9,18.1,6.32,25.61
SUP-0961,EMEA,Tier 2,52.4,27.2,4.96,21.5
SUP-0962,EMEA,Tier 3,37.4,22.9,4.38,37.02
SUP-0963,LATAM,Tier 2,69.7,11.1,5.22,20.18
SUP-0964,LATAM,Tier 2,76.4,27.8,5.17,14.52
SUP-0965,APAC,Tier 3,76.2,13.0,8.16,46.43
SUP-0966,APAC,Tier 3,66.6,19.6,7.0,29.06
SUP-0967,NAM,Tier 2,55.5,39.2,1.29,0.0
SUP-0968,APAC,Tier 1,75.3,32.3,6.59,14.92
SUP-0969,LATAM,Tier 1,56.9,15.7,4.0,14.9
SUP-0970,EMEA,Tier 3,36.6,24.7,5.04,34.07
SUP-0971,NAM,Tier 2,72.7,49.7,2.54,0.0
SUP-0972,NAM,Tier 2,65.1,7.1,3.7,9.89
SUP-0973,LATAM,Tier 2,69.1,14.1,6.35,20.83
SUP-0974,EMEA,Tier 2,65.6,9.6,1.02,0.0
SUP-0975,APAC,Tier 2,67.7,44.6,5.95,5.04
SUP-0976,APAC,Tier 3,61.2,21.4,5.7,29.16
SUP-0977,EMEA,Tier 2,85.9,11.1,4.11,0.0
SUP-0978,LATAM,Tier 3,78.6,12.2,3.75,18.66
SUP-0979,APAC,Tier 3,80.2,19.0,4.89,19.97
SUP-0980,APAC,Tier 3,84.5,18.2,4.83,19.03
SUP-0981,APAC,Tier 2,62.5,11.3,9.53,41.22
SUP-0982,EMEA,Tier 2,66.4,18.7,4.7,8.99
SUP-0983,APAC,Tier 1,51.7,24.8,6.89,28.28
SUP-0984,APAC,Tier 3,44.8,38.9,5.81,31.32
SUP-0985,APAC,Tier 1,89.7,12.0,4.64,2.15
SUP-0986,APAC,Tier 3,51.5,30.4,4.98,32.15
SUP-0987,EMEA,Tier 1,59.3,37.4,5.41,6.5
SUP-0988,APAC,Tier 1,60.5,9.0,6.61,19.44
SUP-0989,EMEA,Tier 3,54.2,10.4,3.72,18.12
SUP-0990,EMEA,Tier 2,49.6,28.8,4.76,20.99
SUP-0991,LATAM,Tier 1,84.8,11.0,4.22,12.84
SUP-0992,APAC,Tier 3,45.0,20.8,8.97,52.62
SUP-0993,APAC,Tier 3,40.6,17.8,3.37,29.49
SUP-0994,NAM,Tier 3,87.9,11.3,5.49,22.15
SUP-0995,EMEA,Tier 3,44.8,21.7,4.96,27.76
SUP-0996,EMEA,Tier 3,35.9,30.5,4.46,24.71
SUP-0997,NAM,Tier 1,31.3,14.6,2.42,17.21
SUP-0998,APAC,Tier 2,72.7,29.9,5.51,8.84
SUP-0999,LATAM,Tier 3,71.4,27.4,4.34,10.7
SUP-1000,NAM,Tier 3,76.4,20.3,3.12,17.46
SUP-1001,APAC,Tier 1,57.9,20.2,6.86,29.6
SUP-1002,NAM,Tier 3,44.5,36.3,6.67,30.58
SUP-1003,NAM,Tier 1,61.1,25.7,4.22,10.36
SUP-1004,APAC,Tier 2,77.5,9.6,5.07,25.89
SUP-1005,LATAM,Tier 2,55.9,21.5,8.37,28.27
SUP-1006,NAM,Tier 3,71.1,21.6,10.0,49.73
SUP-1007,APAC,Tier 3,66.4,20.4,9.54,45.94
SUP-1008,EMEA,Tier 3,37.2,11.7,4.16,39.07
SUP-1009,APAC,Tier 3,58.4,14.5,6.26,33.73
SUP-1010,NAM,Tier 3,30.8,13.1,2.09,29.05
SUP-1011,APAC,Tier 2,46.0,8.3,5.66,24.52
SUP-1012,EMEA,Tier 3,34.8,20.0,4.39,32.48
SUP-1013,EMEA,Tier 3,88.4,17.8,6.75,22.97
SUP-1014,APAC,Tier 3,54.3,23.1,7.46,48.76
SUP-1015,EMEA,Tier 3,64.1,33.5,3.71,23.98
SUP-1016,EMEA,Tier 3,66.5,15.3,3.47,19.58
SUP-1017,EMEA,Tier 3,39.1,10.4,3.2,30.17
SUP-1018,LATAM,Tier 2,71.6,30.2,0.99,0.0
SUP-1019,APAC,Tier 3,31.6,12.2,3.74,28.16
SUP-1020,LATAM,Tier 2,89.0,32.0,5.99,7.86
SUP-1021,LATAM,Tier 2,73.7,12.4,5.46,11.23
SUP-1022,APAC,Tier 2,31.6,38.3,2.47,4.34
SUP-1023,EMEA,Tier 2,71.0,65.6,6.64,6.31
SUP-1024,APAC,Tier 2,58.0,23.3,6.02,17.24
SUP-1025,EMEA,Tier 3,40.6,21.5,3.2,31.05
SUP-1026,NAM,Tier 1,35.3,48.3,5.14,29.39
SUP-1027,EMEA,Tier 3,70.4,24.6,4.45,18.57
SUP-1028,NAM,Tier 1,28.8,12.4,3.18,28.99
SUP-1029,APAC,Tier 1,37.8,18.8,5.18,24.07
SUP-1030,APAC,Tier 3,49.6,29.3,5.31,30.02
SUP-1031,EMEA,Tier 1,68.6,19.0,4.96,10.43
SUP-1032,NAM,Tier 3,45.0,50.5,7.54,38.04
SUP-1033,NAM,Tier 1,36.5,16.3,4.26,27.99
SUP-1034,APAC,Tier 3,52.5,5.0,3.42,23.0
SUP-1035,APAC,Tier 3,64.2,23.7,8.01,39.62
SUP-1036,NAM,Tier 2,61.5,23.9,2.82,5.46
SUP-1037,APAC,Tier 3,68.1,19.8,6.02,36.76
SUP-1038,APAC,Tier 1,75.8,16.7,4.21,7.81
SUP-1039,APAC,Tier 1,43.7,26.6,4.64,31.74
SUP-1040,APAC,Tier 1,67.4,24.7,10.0,40.05
SUP-1041,APAC,Tier 2,73.5,20.8,7.23,27.59
SUP-1042,APAC,Tier 3,55.3,24.2,3.03,16.06
SUP-1043,EMEA,Tier 1,61.0,7.1,5.19,19.98
SUP-1044,NAM,Tier 3,49.5,13.1,7.2,43.7
SUP-1045,EMEA,Tier 2,38.9,14.7,5.01,29.82
SUP-1046,NAM,Tier 2,72.7,19.2,0.82,0.0
SUP-1047,APAC,Tier 1,60.7,56.5,2.34,0.0
SUP-1048,EMEA,Tier 2,83.3,9.7,6.04,8.64
SUP-1049,APAC,Tier 3,60.9,68.0,6.24,23.25
SUP-1050,NAM,Tier 3,70.3,24.9,4.58,20.57
SUP-1051,EMEA,Tier 1,48.4,10.3,3.5,18.2
SUP-1052,APAC,Tier 3,67.3,16.2,3.47,16.67
SUP-1053,APAC,Tier 2,53.9,17.7,5.28,26.7
SUP-1054,EMEA,Tier 3,89.4,32.9,2.18,0.17
SUP-1055,EMEA,Tier 1,84.2,9.0,5.99,13.64
SUP-1056,EMEA,Tier 3,71.5,25.7,5.84,29.51
SUP-1057,APAC,Tier 2,52.1,17.1,8.68,34.57
SUP-1058,EMEA,Tier 3,64.8,15.1,5.38,27.7
SUP-1059,EMEA,Tier 2,23.7,25.1,5.68,34.64
SUP-1060,NAM,Tier 2,63.8,6.3,4.47,14.03
SUP-1061,EMEA,Tier 3,44.8,12.2,4.6,31.56
SUP-1062,NAM,Tier 3,41.3,27.3,4.67,27.4
SUP-1063,EMEA,Tier 3,70.7,32.6,4.47,9.02
SUP-1064,LATAM,Tier 3,61.0,20.6,4.01,9.95
SUP-1065,EMEA,Tier 1,67.0,23.4,0.69,0.0
SUP-1066,EMEA,Tier 3,72.8,68.8,8.32,27.38
SUP-1067,EMEA,Tier 3,45.7,32.5,6.02,24.38
SUP-1068,EMEA,Tier 3,87.7,18.3,5.17,17.27
SUP-1069,NAM,Tier 1,46.9,13.5,3.23,16.51
SUP-1070,NAM,Tier 1,58.5,21.7,1.55,0.0
SUP-1071,EMEA,Tier 3,74.8,15.8,5.32,24.17
SUP-1072,APAC,Tier 2,85.3,37.7,8.48,23.57
SUP-1073,APAC,Tier 1,75.5,12.9,8.64,22.65
SUP-1074,EMEA,Tier 3,54.8,14.5,0.06,8.86
SUP-1075,EMEA,Tier 2,72.2,19.1,4.65,6.17
SUP-1076,EMEA,Tier 2,55.2,10.5,3.29,11.56
SUP-1077,EMEA,Tier 2,39.7,9.4,2.79,22.24
SUP-1078,NAM,Tier 3,72.8,16.6,7.7,40.33
SUP-1079,APAC,Tier 2,34.4,26.6,7.78,42.47
SUP-1080,EMEA,Tier 3,68.0,18.8,6.17,32.57
SUP-1081,LATAM,Tier 1,53.6,20.9,8.65,34.22
SUP-1082,EMEA,Tier 3,61.6,20.3,6.12,23.54
SUP-1083,LATAM,Tier 2,80.4,50.9,9.16,15.77
SUP-1084,APAC,Tier 2,52.6,20.3,7.34,34.99
SUP-1085,EMEA,Tier 1,79.9,23.3,7.6,21.4
SUP-1086,APAC,Tier 1,81.9,17.3,4.99,11.42
SUP-1087,EMEA,Tier 1,31.9,14.5,0.0,8.29
SUP-1088,APAC,Tier 2,54.5,21.6,3.97,14.28
SUP-1089,APAC,Tier 3,80.9,36.8,4.31,16.98
SUP-1090,NAM,Tier 2,61.9,66.1,2.58,0.0
SUP-1091,EMEA,Tier 2,56.6,34.1,5.01,19.39
SUP-1092,EMEA,Tier 3,67.1,18.8,4.55,26.08
SUP-1093,NAM,Tier 3,67.7,17.1,3.94,27.59
SUP-1094,APAC,Tier 1,85.6,30.3,5.18,7.76
SUP-1095,LATAM,Tier 1,57.7,25.1,4.48,17.96
SUP-1096,APAC,Tier 3,64.3,17.3,7.58,34.13
SUP-1097,NAM,Tier 3,62.9,14.4,5.63,25.51
SUP-1098,APAC,Tier 2,73.2,12.1,4.59,7.78
SUP-1099,APAC,Tier 3,55.8,12.0,6.24,33.45
SUP-1100,EMEA,Tier 3,93.7,27.3,2.87,8.88
SUP-1101,APAC,Tier 2,53.6,15.6,0.34,0.01
SUP-1102,EMEA,Tier 3,63.2,44.9,8.85,40.53
SUP-1103,EMEA,Tier 2,43.4,21.7,7.0,37.02
SUP-1104,EMEA,Tier 2,25.5,14.4,5.12,39.41
SUP-1105,APAC,Tier 2,51.5,19.1,5.48,25.47
SUP-1106,EMEA,Tier 3,56.7,42.7,3.94,16.21
SUP-1107,APAC,Tier 3,48.2,6.8,6.18,49.46
SUP-1108,APAC,Tier 3,49.2,12.4,2.09,20.22
SUP-1109,APAC,Tier 2,44.9,21.3,3.01,10.33
SUP-1110,EMEA,Tier 3,55.5,22.7,1.91,17.05
SUP-1111,APAC,Tier 2,76.2,31.8,6.16,11.1
SUP-1112,APAC,Tier 3,62.3,14.0,3.17,18.26
SUP-1113,APAC,Tier 2,90.7,21.3,3.47,0.0
SUP-1114,NAM,Tier 3,76.1,12.0,2.91,14.81
SUP-1115,APAC,Tier 3,45.5,17.1,3.09,29.35
SUP-1116,LATAM,Tier 3,91.1,33.8,6.36,9.82
SUP-1117,APAC,Tier 3,34.0,16.6,6.13,39.92
SUP-1118,EMEA,Tier 2,55.3,26.6,1.83,0.0
SUP-1119,EMEA,Tier 3,67.3,20.5,0.41,0.0
SUP-1120,EMEA,Tier 2,96.2,23.5,4.43,0.0
SUP-1121,APAC,Tier 3,68.7,12.4,3.52,20.95
SUP-1122,LATAM,Tier 1,46.3,50.7,7.28,17.12
SUP-1123,EMEA,Tier 3,76.4,9.3,8.53,46.7
SUP-1124,APAC,Tier 2,58.3,10.3,4.52,15.01
SUP-1125,APAC,Tier 3,45.9,17.8,5.47,33.14
SUP-1126,EMEA,Tier 2,64.3,6.5,3.16,9.77
SUP-1127,LATAM,Tier 1,85.3,26.1,4.82,6.18
SUP-1128,EMEA,Tier 3,89.6,30.4,7.31,20.86
SUP-1129,APAC,Tier 1,55.8,63.5,6.57,16.12
SUP-1130,LATAM,Tier 3,60.0,8.1,6.68,45.42
SUP-1131,APAC,Tier 3,72.3,19.1,3.29,18.97
SUP-1132,APAC,Tier 2,32.6,41.5,6.62,40.37
SUP-1133,LATAM,Tier 3,89.9,14.8,5.66,12.13
SUP-1134,NAM,Tier 2,36.0,39.5,6.52,29.99
SUP-1135,EMEA,Tier 3,61.2,37.4,4.28,16.69
SUP-1136,APAC,Tier 2,65.1,19.0,4.38,13.89
SUP-1137,EMEA,Tier 1,73.1,17.6,4.94,1.45
SUP-1138,LATAM,Tier 3,73.6,21.5,4.09,15.02
SUP-1139,NAM,Tier 2,70.4,7.9,4.41,16.27
SUP-1140,APAC,Tier 1,72.6,34.3,8.25,31.58
SUP-1141,APAC,Tier 2,75.6,28.1,5.2,18.72
SUP-1142,EMEA,Tier 2,62.6,27.4,4.6,16.7
SUP-1143,APAC,Tier 2,78.7,40.8,2.96,0.0
SUP-1144,EMEA,Tier 1,55.0,21.0,4.18,25.88
SUP-1145,EMEA,Tier 2,54.3,31.4,3.75,8.87
SUP-1146,EMEA,Tier 1,55.8,9.0,3.61,11.22
SUP-1147,APAC,Tier 3,56.0,25.1,3.69,14.28
SUP-1148,NAM,Tier 2,81.9,10.4,3.87,9.45
SUP-1149,EMEA,Tier 3,56.8,12.4,3.28,25.46
SUP-1150,EMEA,Tier 1,41.0,16.6,4.67,25.75
SUP-1151,APAC,Tier 1,69.8,42.5,5.67,15.64
SUP-1152,EMEA,Tier 1,72.0,18.1,2.83,2.91
SUP-1153,EMEA,Tier 2,47.2,28.2,7.49,27.48
SUP-1154,LATAM,Tier 3,44.9,24.8,5.52,36.08
SUP-1155,NAM,Tier 3,90.7,14.5,3.95,8.25
SUP-1156,EMEA,Tier 3,42.0,6.0,5.13,43.96
SUP-1157,APAC,Tier 3,47.7,30.1,5.4,20.88
SUP-1158,APAC,Tier 3,49.7,15.1,4.45,27.24
SUP-1159,LATAM,Tier 3,67.2,21.9,1.16,1.25
SUP-1160,EMEA,Tier 3,45.2,14.7,5.46,30.06
SUP-1161,NAM,Tier 3,51.7,8.8,5.74,33.62
SUP-1162,APAC,Tier 1,31.3,13.9,6.26,43.56
SUP-1163,LATAM,Tier 2,32.7,12.3,6.95,28.99
SUP-1164,EMEA,Tier 1,73.3,16.1,4.32,10.33
SUP-1165,EMEA,Tier 2,74.9,21.7,1.77,0.0
SUP-1166,LATAM,Tier 3,86.2,16.2,5.62,25.52
SUP-1167,EMEA,Tier 1,74.6,25.2,1.07,0.0
SUP-1168,LATAM,Tier 3,85.6,19.7,9.0,38.39
SUP-1169,EMEA,Tier 2,43.6,38.1,2.8,4.85
SUP-1170,EMEA,Tier 2,68.8,52.4,3.48,3.01
SUP-1171,NAM,Tier 3,81.4,22.0,4.05,13.63
SUP-1172,APAC,Tier 3,66.1,24.1,5.21,26.29
SUP-1173,LATAM,Tier 3,61.0,10.7,3.64,21.18
SUP-1174,APAC,Tier 2,57.4,25.4,7.72,26.2
SUP-1175,APAC,Tier 2,84.0,19.9,8.39,27.61
SUP-1176,APAC,Tier 3,66.4,19.9,9.61,37.91
SUP-1177,APAC,Tier 1,67.4,9.2,4.06,11.73
SUP-1178,LATAM,Tier 3,30.7,35.6,6.8,42.12
SUP-1179,APAC,Tier 3,65.5,25.8,7.29,31.17
SUP-1180,EMEA,Tier 3,59.5,46.1,2.85,21.88
SUP-1181,APAC,Tier 3,47.3,28.8,4.56,29.62
SUP-1182,LATAM,Tier 2,70.7,22.8,2.84,6.3
SUP-1183,APAC,Tier 3,66.9,29.2,4.22,19.26
SUP-1184,EMEA,Tier 1,71.7,15.7,4.05,11.65
SUP-1185,APAC,Tier 3,46.2,31.8,9.9,49.96
SUP-1186,APAC,Tier 3,36.1,7.5,4.05,25.04
SUP-1187,EMEA,Tier 2,37.5,19.0,6.05,30.72
SUP-1188,APAC,Tier 2,37.9,15.8,8.42,48.8
SUP-1189,LATAM,Tier 3,56.4,22.8,6.1,39.39
SUP-1190,EMEA,Tier 3,64.3,14.8,6.41,33.22
SUP-1191,EMEA,Tier 3,45.3,18.7,4.57,29.33
SUP-1192,APAC,Tier 2,53.8,10.9,10.0,51.91
SUP-1193,EMEA,Tier 1,54.0,24.4,6.44,20.0
SUP-1194,NAM,Tier 1,58.5,28.2,4.92,19.39
SUP-1195,EMEA,Tier 2,62.6,25.5,1.88,1.87
SUP-1196,NAM,Tier 3,59.0,9.8,5.71,47.84
SUP-1197,LATAM,Tier 3,53.6,20.1,5.35,29.7
SUP-1198,LATAM,Tier 2,73.5,18.3,5.93,14.68
SUP-1199,APAC,Tier 3,59.3,23.0,7.78,40.57
SUP-1200,APAC,Tier 2,39.6,27.3,4.83,23.54
SUP-1201,NAM,Tier 3,74.3,29.1,6.7,27.93
SUP-1202,EMEA,Tier 3,63.4,14.7,5.37,29.08
SUP-1203,NAM,Tier 1,55.3,27.5,1.86,2.96
SUP-1204,NAM,Tier 2,43.9,24.2,7.12,34.9
SUP-1205,EMEA,Tier 3,61.0,14.4,6.09,34.1
SUP-1206,EMEA,Tier 3,39.1,25.9,3.64,22.82
SUP-1207,EMEA,Tier 1,54.7,29.3,3.27,7.57
SUP-1208,NAM,Tier 3,92.7,22.9,6.46,15.2
SUP-1209,APAC,Tier 1,82.9,42.7,6.51,3.33
SUP-1210,APAC,Tier 3,49.5,18.6,6.23,42.1
SUP-1211,APAC,Tier 3,82.5,28.8,5.76,22.05
SUP-1212,EMEA,Tier 1,44.0,25.4,4.49,22.34
SUP-1213,LATAM,Tier 1,62.4,34.0,6.86,15.65
SUP-1214,APAC,Tier 2,60.9,33.1,3.61,10.62
SUP-1215,EMEA,Tier 3,51.9,17.3,4.12,27.72
SUP-1216,EMEA,Tier 1,56.7,13.3,0.95,0.49
SUP-1217,EMEA,Tier 3,32.7,32.3,5.26,43.6
SUP-1218,APAC,Tier 3,41.9,18.2,5.41,34.61
SUP-1219,LATAM,Tier 3,60.4,39.2,6.96,33.87
SUP-1220,NAM,Tier 2,72.6,22.3,2.62,2.53
SUP-1221,NAM,Tier 3,70.2,30.3,4.42,12.64
SUP-1222,EMEA,Tier 2,44.5,33.8,3.87,16.7
SUP-1223,EMEA,Tier 3,87.6,27.6,0.41,0.0
SUP-1224,NAM,Tier 3,51.6,13.9,3.39,18.3
SUP-1225,APAC,Tier 3,56.3,34.0,5.42,33.57
SUP-1226,APAC,Tier 2,65.7,20.8,7.43,28.22
SUP-1227,APAC,Tier 2,69.3,27.7,7.93,29.29
SUP-1228,EMEA,Tier 2,54.3,11.8,3.84,13.09
SUP-1229,EMEA,Tier 2,33.0,20.6,6.11,31.45
SUP-1230,EMEA,Tier 3,63.0,14.0,5.02,14.38
SUP-1231,EMEA,Tier 3,44.5,7.1,5.5,41.6
SUP-1232,LATAM,Tier 2,46.3,44.2,4.25,7.82
SUP-1233,APAC,Tier 1,44.9,12.3,7.13,44.89
SUP-1234,APAC,Tier 1,82.7,5.0,7.28,22.44
SUP-1235,APAC,Tier 2,50.7,23.4,4.79,22.24
SUP-1236,APAC,Tier 2,47.4,25.7,6.73,19.97
SUP-1237,APAC,Tier 2,64.5,16.2,6.05,24.45
SUP-1238,APAC,Tier 3,80.3,22.0,5.12,20.46
SUP-1239,LATAM,Tier 3,58.5,16.1,0.27,2.1
SUP-1240,NAM,Tier 2,14.7,27.7,6.71,35.19
SUP-1241,APAC,Tier 1,79.0,12.2,7.1,18.12
SUP-1242,NAM,Tier 2,64.1,17.0,4.39,6.23
SUP-1243,EMEA,Tier 3,59.3,13.9,7.98,39.39
SUP-1244,APAC,Tier 3,53.1,25.5,4.14,17.64
SUP-1245,NAM,Tier 2,94.5,19.0,0.0,0.0
SUP-1246,APAC,Tier 3,65.2,21.0,6.34,34.31
SUP-1247,APAC,Tier 3,69.1,32.8,7.59,31.58
SUP-1248,APAC,Tier 2,92.1,17.3,6.89,16.18
SUP-1249,NAM,Tier 1,56.3,25.4,0.0,0.0
SUP-1250,NAM,Tier 3,82.0,17.2,2.59,10.47
SUP-1251,EMEA,Tier 2,69.9,18.6,3.51,6.92
SUP-1252,APAC,Tier 2,58.4,7.9,1.78,0.33
SUP-1253,EMEA,Tier 3,61.0,9.8,3.64,19.45
SUP-1254,APAC,Tier 3,54.5,42.7,4.61,19.37
SUP-1255,APAC,Tier 2,74.9,19.1,6.95,21.4
SUP-1256,EMEA,Tier 2,30.5,18.4,6.49,37.27
SUP-1257,EMEA,Tier 1,55.8,26.5,4.2,16.87
SUP-1258,EMEA,Tier 2,30.4,23.2,4.99,25.63
SUP-1259,APAC,Tier 3,53.7,10.8,3.37,32.42
SUP-1260,EMEA,Tier 1,50.1,18.1,4.16,15.6
SUP-1261,APAC,Tier 3,67.8,19.5,7.53,38.59
SUP-1262,APAC,Tier 2,64.9,25.1,2.88,7.2
SUP-1263,NAM,Tier 3,81.1,18.0,3.14,5.11
SUP-1264,NAM,Tier 3,36.3,11.0,1.16,27.58
SUP-1265,APAC,Tier 3,63.7,9.7,5.53,33.32
SUP-1266,EMEA,Tier 3,77.3,20.9,1.66,0.0
SUP-1267,NAM,Tier 1,62.5,26.4,2.01,1.49
SUP-1268,EMEA,Tier 3,46.6,19.9,5.76,31.7
SUP-1269,NAM,Tier 2,73.2,20.0,2.94,1.83
SUP-1270,EMEA,Tier 1,58.2,48.1,7.7,15.64
SUP-1271,EMEA,Tier 2,81.1,6.5,3.09,2.85
SUP-1272,EMEA,Tier 3,70.1,10.5,10.0,55.41
SUP-1273,EMEA,Tier 1,76.3,24.8,3.05,7.49
SUP-1274,EMEA,Tier 2,61.6,17.9,0.05,0.0
SUP-1275,NAM,Tier 3,48.5,6.5,4.33,27.11
SUP-1276,EMEA,Tier 3,59.8,12.5,5.81,34.99
SUP-1277,NAM,Tier 1,66.6,12.5,2.53,2.57
SUP-1278,APAC,Tier 2,36.3,17.6,3.2,11.24
SUP-1279,LATAM,Tier 3,55.1,24.3,7.3,36.17
SUP-1280,EMEA,Tier 1,55.6,11.1,6.53,44.65
SUP-1281,EMEA,Tier 2,49.1,9.0,6.22,33.02
SUP-1282,EMEA,Tier 3,56.3,23.7,4.25,19.93
SUP-1283,EMEA,Tier 1,44.1,16.2,6.5,39.68
SUP-1284,APAC,Tier 3,52.5,8.9,5.22,40.4
SUP-1285,APAC,Tier 3,51.9,19.1,2.19,13.82
SUP-1286,LATAM,Tier 3,90.1,38.1,6.55,21.42
SUP-1287,LATAM,Tier 3,62.9,14.7,8.25,42.9
SUP-1288,APAC,Tier 1,75.3,41.7,6.29,20.8
SUP-1289,EMEA,Tier 2,57.1,31.1,1.08,0.0
SUP-1290,NAM,Tier 3,47.1,83.0,5.66,20.74
SUP-1291,APAC,Tier 3,69.4,56.2,6.81,27.33
SUP-1292,APAC,Tier 1,67.0,10.7,2.86,12.5
SUP-1293,LATAM,Tier 1,45.0,25.1,2.81,12.7
SUP-1294,EMEA,Tier 3,62.3,32.4,7.78,40.72
SUP-1295,EMEA,Tier 2,72.5,33.1,4.89,19.33
SUP-1296,NAM,Tier 2,59.5,18.4,5.86,23.99
SUP-1297,APAC,Tier 3,63.8,22.5,5.41,32.8
SUP-1298,APAC,Tier 3,59.2,19.4,3.6,19.25
SUP-1299,APAC,Tier 2,44.4,19.9,6.32,27.52
SUP-1300,EMEA,Tier 1,47.8,22.6,7.61,30.39
SUP-1301,APAC,Tier 1,93.2,18.6,6.44,15.98
SUP-1302,EMEA,Tier 3,98.9,30.3,3.18,0.0
SUP-1303,NAM,Tier 3,73.4,8.7,3.1,15.71
SUP-1304,LATAM,Tier 3,85.2,26.9,4.55,13.19
SUP-1305,APAC,Tier 2,73.4,17.3,8.2,36.3
SUP-1306,APAC,Tier 3,54.2,20.5,3.72,34.83
SUP-1307,LATAM,Tier 1,74.5,15.7,5.5,16.51
SUP-1308,NAM,Tier 3,78.4,20.8,7.55,34.06
SUP-1309,APAC,Tier 1,68.3,66.2,6.83,14.05
SUP-1310,NAM,Tier 2,51.6,28.9,4.76,18.48
SUP-1311,LATAM,Tier 1,68.1,28.2,5.54,11.71
SUP-1312,EMEA,Tier 2,83.2,32.6,5.08,2.86
SUP-1313,APAC,Tier 2,58.9,23.4,4.18,14.43
SUP-1314,EMEA,Tier 1,39.6,31.9,5.24,22.72
SUP-1315,NAM,Tier 1,61.6,17.9,2.33,0.0
SUP-1316,EMEA,Tier 2,38.8,12.1,2.84,15.21
SUP-1317,APAC,Tier 3,75.6,18.1,5.75,20.2
SUP-1318,NAM,Tier 1,82.8,11.1,3.65,1.82
SUP-1319,APAC,Tier 2,58.4,8.8,6.16,21.79
SUP-1320,APAC,Tier 3,54.0,23.2,8.75,40.79
SUP-1321,EMEA,Tier 3,86.2,39.3,5.74,22.93
SUP-1322,APAC,Tier 1,80.4,9.4,7.36,17.86
SUP-1323,APAC,Tier 2,33.7,23.4,7.4,38.85
SUP-1324,NAM,Tier 3,55.8,22.3,4.87,27.55
SUP-1325,LATAM,Tier 2,39.9,16.4,4.49,25.83
SUP-1326,NAM,Tier 3,64.7,39.6,5.68,26.78
SUP-1327,EMEA,Tier 1,88.6,35.0,6.28,8.39
SUP-1328,APAC,Tier 3,71.1,16.1,4.98,20.48
SUP-1329,LATAM,Tier 3,46.0,13.9,6.06,29.67
SUP-1330,APAC,Tier 2,63.5,9.5,6.24,31.49
SUP-1331,APAC,Tier 3,23.0,13.4,7.28,44.18
SUP-1332,LATAM,Tier 3,63.1,17.9,4.52,31.32
SUP-1333,APAC,Tier 1,76.3,25.4,5.97,16.4
SUP-1334,APAC,Tier 1,65.0,37.6,2.84,5.53
SUP-1335,APAC,Tier 3,44.3,25.0,7.56,45.02
SUP-1336,APAC,Tier 1,60.6,27.2,1.02,0.0
SUP-1337,EMEA,Tier 3,51.2,20.4,4.5,26.38
SUP-1338,APAC,Tier 3,59.8,28.4,4.45,15.19
SUP-1339,APAC,Tier 3,38.0,76.5,7.63,36.91
SUP-1340,LATAM,Tier 2,40.5,34.7,4.35,17.11
SUP-1341,LATAM,Tier 3,57.1,29.6,8.33,48.97
SUP-1342,APAC,Tier 1,77.5,37.7,7.74,15.87
SUP-1343,APAC,Tier 1,53.5,13.5,3.47,5.26
SUP-1344,LATAM,Tier 3,34.3,32.8,1.91,16.57
SUP-1345,EMEA,Tier 3,67.5,13.5,2.06,10.29
SUP-1346,EMEA,Tier 3,32.8,13.3,6.06,40.39
SUP-1347,APAC,Tier 1,60.8,26.4,6.0,17.36
SUP-1348,EMEA,Tier 3,75.9,16.9,3.54,14.3
SUP-1349,EMEA,Tier 3,62.3,33.7,7.1,29.8
SUP-1350,APAC,Tier 1,58.4,13.2,6.19,26.41
SUP-1351,APAC,Tier 1,85.2,31.3,4.43,7.3
SUP-1352,APAC,Tier 3,56.9,14.5,7.92,47.79
SUP-1353,NAM,Tier 3,77.6,33.9,4.71,19.73
SUP-1354,LATAM,Tier 3,61.4,15.3,6.11,36.34
SUP-1355,APAC,Tier 3,63.6,23.2,7.38,31.35
SUP-1356,NAM,Tier 1,15.1,15.3,4.2,22.75
SUP-1357,APAC,Tier 3,47.8,28.3,9.92,47.51
SUP-1358,EMEA,Tier 2,68.5,34.0,3.7,0.74
SUP-1359,EMEA,Tier 2,73.0,49.9,1.29,0.0
SUP-1360,APAC,Tier 2,58.9,23.4,6.77,31.48
SUP-1361,APAC,Tier 3,60.5,16.1,6.56,34.22
SUP-1362,EMEA,Tier 3,57.6,19.1,2.84,9.01
SUP-1363,NAM,Tier 2,54.5,18.1,2.51,6.92
SUP-1364,EMEA,Tier 2,54.2,14.7,5.08,16.67
SUP-1365,NAM,Tier 3,88.4,24.1,4.16,15.86
SUP-1366,APAC,Tier 3,44.3,25.8,5.4,27.86
SUP-1367,EMEA,Tier 2,58.9,16.6,3.69,8.75
SUP-1368,NAM,Tier 2,77.6,23.0,2.17,0.0
SUP-1369,EMEA,Tier 2,42.4,21.4,7.28,40.47
SUP-1370,APAC,Tier 3,70.3,7.6,7.84,40.97
SUP-1371,LATAM,Tier 2,52.0,29.2,2.95,8.94
SUP-1372,APAC,Tier 1,71.7,40.3,7.59,18.28
SUP-1373,LATAM,Tier 2,72.5,28.0,6.46,17.32
SUP-1374,EMEA,Tier 2,68.6,19.5,3.85,11.97
SUP-1375,APAC,Tier 3,68.6,21.4,4.34,11.78
SUP-1376,APAC,Tier 3,72.9,20.6,4.61,20.06
SUP-1377,NAM,Tier 2,29.8,24.8,6.02,27.54
SUP-1378,APAC,Tier 1,57.9,57.2,7.66,28.36
SUP-1379,APAC,Tier 3,39.7,24.7,8.75,53.29
SUP-1380,LATAM,Tier 1,79.9,15.3,7.18,17.24
SUP-1381,LATAM,Tier 3,61.0,7.9,4.5,31.01
SUP-1382,APAC,Tier 3,66.6,20.3,3.43,17.9
SUP-1383,APAC,Tier 1,72.4,18.0,8.43,27.23
SUP-1384,APAC,Tier 1,47.5,19.5,5.76,26.29
SUP-1385,APAC,Tier 3,62.1,35.4,6.98,31.62
SUP-1386,APAC,Tier 3,52.9,36.6,4.99,18.35
SUP-1387,APAC,Tier 3,60.4,21.4,5.01,23.55
SUP-1388,EMEA,Tier 3,92.4,37.0,0.0,0.0
SUP-1389,APAC,Tier 3,74.6,13.6,8.62,34.63
SUP-1390,APAC,Tier 3,45.3,16.5,3.64,27.99
SUP-1391,NAM,Tier 3,51.7,25.5,4.94,23.96
SUP-1392,APAC,Tier 2,100.0,18.3,7.42,11.87
SUP-1393,NAM,Tier 2,76.2,27.1,1.32,0.0
SUP-1394,NAM,Tier 2,93.0,33.0,3.46,1.42
SUP-1395,APAC,Tier 3,52.4,18.8,8.56,46.78
SUP-1396,APAC,Tier 2,43.8,15.8,8.58,42.46
SUP-1397,NAM,Tier 2,56.7,34.8,5.69,13.63
SUP-1398,NAM,Tier 3,59.8,18.4,5.92,26.53
SUP-1399,APAC,Tier 3,66.2,13.1,3.31,19.26
SUP-1400,APAC,Tier 2,75.3,27.5,5.4,16.29
SUP-1401,EMEA,Tier 2,49.2,9.6,1.95,0.0
SUP-1402,EMEA,Tier 3,56.2,11.0,5.89,39.47
SUP-1403,APAC,Tier 2,70.1,32.6,5.75,21.57
SUP-1404,EMEA,Tier 3,50.6,26.2,4.76,26.49
SUP-1405,APAC,Tier 2,40.7,27.6,4.37,23.2
SUP-1406,APAC,Tier 2,63.3,23.9,3.87,7.91
SUP-1407,NAM,Tier 3,53.0,22.6,1.3,19.68
SUP-1408,EMEA,Tier 3,66.5,10.9,3.68,24.1
SUP-1409,LATAM,Tier 2,79.0,18.7,5.58,17.71
SUP-1410,APAC,Tier 3,70.3,11.2,6.17,31.46
SUP-1411,EMEA,Tier 3,65.0,16.5,2.04,15.08
SUP-1412,APAC,Tier 3,57.1,9.1,5.93,29.52
SUP-1413,APAC,Tier 2,57.0,27.1,8.21,36.44
SUP-1414,EMEA,Tier 2,46.0,10.0,8.17,42.63
SUP-1415,APAC,Tier 3,59.1,6.2,4.75,35.08
SUP-1416,EMEA,Tier 1,51.9,13.4,3.79,18.08
SUP-1417,NAM,Tier 3,73.7,24.9,2.3,5.91
SUP-1418,EMEA,Tier 3,67.3,26.2,4.24,32.33
SUP-1419,LATAM,Tier 1,55.0,26.1,4.33,13.77
SUP-1420,EMEA,Tier 2,57.7,7.4,7.12,24.55
SUP-1421,APAC,Tier 1,70.2,27.0,8.6,31.09
SUP-1422,APAC,Tier 3,78.8,17.6,6.03,25.48
SUP-1423,APAC,Tier 3,59.6,38.9,6.31,18.31
SUP-1424,EMEA,Tier 1,65.3,19.6,4.95,10.44
SUP-1425,EMEA,Tier 3,31.9,21.2,3.41,24.22
SUP-1426,NAM,Tier 1,60.4,20.8,2.97,9.69
SUP-1427,LATAM,Tier 2,64.0,12.7,5.06,11.0
SUP-1428,APAC,Tier 3,89.0,23.6,7.22,30.79
SUP-1429,APAC,Tier 3,66.2,26.1,5.59,25.2
SUP-1430,NAM,Tier 3,44.1,18.9,2.86,17.73
SUP-1431,APAC,Tier 3,63.7,14.7,6.23,35.34
SUP-1432,EMEA,Tier 2,64.7,9.9,3.39,14.3
SUP-1433,LATAM,Tier 2,68.4,15.9,3.82,9.53
SUP-1434,NAM,Tier 2,65.8,11.1,2.99,18.64
SUP-1435,EMEA,Tier 3,60.4,10.3,4.4,33.83
SUP-1436,APAC,Tier 1,56.0,10.9,2.12,2.88
SUP-1437,APAC,Tier 1,64.2,11.7,8.75,38.41
SUP-1438,NAM,Tier 2,48.6,11.1,4.06,9.37
SUP-1439,APAC,Tier 3,76.2,25.8,6.44,32.35
SUP-1440,APAC,Tier 2,88.3,29.8,8.75,21.04
SUP-1441,APAC,Tier 1,64.7,18.7,5.23,24.4
SUP-1442,EMEA,Tier 3,80.9,12.2,5.69,27.92
SUP-1443,NAM,Tier 2,67.9,25.3,1.73,0.0
SUP-1444,EMEA,Tier 3,65.1,16.5,4.16,14.21
SUP-1445,EMEA,Tier 3,62.2,13.0,4.18,19.62
SUP-1446,NAM,Tier 3,63.2,42.3,5.57,20.11
SUP-1447,NAM,Tier 3,37.4,45.6,3.22,23.69
SUP-1448,APAC,Tier 2,63.6,17.9,6.94,21.93
SUP-1449,EMEA,Tier 3,83.0,15.9,4.1,9.52
SUP-1450,APAC,Tier 1,55.8,18.8,7.7,39.11
SUP-1451,APAC,Tier 3,55.4,13.9,6.11,41.09
SUP-1452,NAM,Tier 3,61.2,39.0,2.83,9.06
SUP-1453,NAM,Tier 3,49.6,33.9,5.65,32.6
SUP-1454,APAC,Tier 3,56.5,18.4,5.87,37.71
SUP-1455,NAM,Tier 2,63.3,23.0,2.1,0.0
SUP-1456,NAM,Tier 2,58.2,10.8,3.15,7.57
SUP-1457,EMEA,Tier 3,51.7,23.4,4.21,19.18
SUP-1458,EMEA,Tier 3,53.9,35.1,0.99,0.0
SUP-1459,LATAM,Tier 1,67.8,15.3,6.29,16.16
SUP-1460,NAM,Tier 3,62.5,8.2,5.47,19.77
SUP-1461,APAC,Tier 1,44.9,17.2,6.0,23.25
SUP-1462,APAC,Tier 3,52.6,19.0,4.22,21.17
SUP-1463,APAC,Tier 1,60.3,30.6,3.49,1.14
SUP-1464,APAC,Tier 3,77.4,75.3,6.37,6.85
SUP-1465,LATAM,Tier 3,90.4,26.1,4.63,9.81
SUP-1466,EMEA,Tier 3,42.0,17.3,4.56,34.04
SUP-1467,EMEA,Tier 1,68.5,11.3,5.53,20.2
SUP-1468,EMEA,Tier 2,46.7,67.7,4.67,12.91
SUP-1469,NAM,Tier 2,27.5,10.5,2.42,18.89
SUP-1470,NAM,Tier 3,61.4,12.1,5.66,33.31
SUP-1471,EMEA,Tier 1,68.2,12.1,2.9,0.0
SUP-1472,APAC,Tier 3,84.9,20.4,4.53,11.33
SUP-1473,EMEA,Tier 2,70.3,15.6,9.55,39.45
SUP-1474,APAC,Tier 1,48.8,26.8,9.78,35.05
SUP-1475,APAC,Tier 3,59.3,11.4,1.06,9.42
SUP-1476,EMEA,Tier 2,49.3,17.0,4.76,21.98
SUP-1477,EMEA,Tier 2,69.8,12.1,7.09,21.19
SUP-1478,APAC,Tier 1,78.1,50.6,7.59,21.08
SUP-1479,APAC,Tier 3,51.0,21.3,4.65,36.66
SUP-1480,EMEA,Tier 2,36.4,20.3,3.33,18.4
SUP-1481,APAC,Tier 3,60.4,29.9,9.79,49.09
SUP-1482,EMEA,Tier 3,49.8,35.9,0.51,7.76
SUP-1483,APAC,Tier 3,62.3,13.2,9.1,45.86
SUP-1484,EMEA,Tier 3,65.3,17.7,6.23,37.55
SUP-1485,APAC,Tier 1,58.8,46.3,5.61,13.69
SUP-1486,LATAM,Tier 2,92.9,42.2,6.9,10.27
SUP-1487,APAC,Tier 3,51.9,11.9,6.79,43.94
SUP-1488,APAC,Tier 1,68.6,7.4,9.11,33.09
SUP-1489,APAC,Tier 2,48.7,18.4,5.09,21.71
SUP-1490,LATAM,Tier 3,66.4,18.0,7.13,28.44
SUP-1491,NAM,Tier 3,66.4,38.1,3.73,13.45
SUP-1492,NAM,Tier 1,59.4,23.5,6.19,17.66
SUP-1493,EMEA,Tier 3,57.4,17.9,3.44,20.09
SUP-1494,LATAM,Tier 3,59.9,48.8,2.47,4.33
SUP-1495,EMEA,Tier 1,73.5,42.7,3.45,1.15
SUP-1496,EMEA,Tier 3,36.9,69.5,4.75,20.94
SUP-1497,NAM,Tier 3,50.5,20.2,8.32,40.68
SUP-1498,APAC,Tier 3,62.7,15.5,5.1,23.78
SUP-1499,APAC,Tier 3,68.7,21.7,5.55,19.74
SUP-1500,LATAM,Tier 3,65.3,21.1,7.47,31.45
SUP-1501,APAC,Tier 2,72.9,32.7,6.68,20.18
SUP-1502,NAM,Tier 3,64.2,11.3,3.63,4.96
SUP-1503,APAC,Tier 3,60.8,12.0,7.35,35.72
SUP-1504,APAC,Tier 3,59.6,29.8,8.29,43.35
SUP-1505,EMEA,Tier 2,58.1,23.7,5.36,7.41
SUP-1506,APAC,Tier 3,78.7,11.7,8.52,38.28
SUP-1507,EMEA,Tier 2,52.2,38.8,0.0,0.0
SUP-1508,NAM,Tier 3,78.2,12.2,1.76,1.02
SUP-1509,APAC,Tier 3,41.7,15.0,7.66,53.04
SUP-1510,EMEA,Tier 3,68.0,13.4,5.37,30.38
SUP-1511,NAM,Tier 2,78.8,24.8,7.83,25.71
SUP-1512,EMEA,Tier 2,62.8,15.4,3.04,3.49
SUP-1513,APAC,Tier 3,75.6,13.0,4.51,16.43
SUP-1514,EMEA,Tier 1,82.0,13.4,2.72,0.0
SUP-1515,APAC,Tier 3,41.3,15.6,4.79,27.87
SUP-1516,NAM,Tier 3,59.4,12.4,4.94,18.8
SUP-1517,APAC,Tier 1,45.1,30.1,9.78,43.58
SUP-1518,APAC,Tier 3,63.9,31.7,8.12,34.82
SUP-1519,EMEA,Tier 2,92.8,5.0,2.64,0.0
SUP-1520,APAC,Tier 3,80.9,20.1,4.51,20.06
SUP-1521,EMEA,Tier 3,84.7,17.7,3.57,12.29
SUP-1522,APAC,Tier 3,59.8,23.6,1.23,10.3
SUP-1523,APAC,Tier 2,69.7,19.4,7.17,20.86
SUP-1524,APAC,Tier 1,45.1,15.6,3.67,18.43
SUP-1525,NAM,Tier 3,69.0,14.6,2.08,5.87
SUP-1526,NAM,Tier 3,61.2,29.7,3.8,17.78
SUP-1527,APAC,Tier 3,50.2,18.2,7.11,37.07
SUP-1528,NAM,Tier 2,55.0,25.1,5.96,23.54
SUP-1529,APAC,Tier 3,67.1,13.8,3.29,14.53
SUP-1530,NAM,Tier 3,78.2,23.7,3.38,14.05
SUP-1531,NAM,Tier 2,57.8,35.5,2.56,7.0
SUP-1532,APAC,Tier 1,43.1,38.9,2.11,4.57
SUP-1533,EMEA,Tier 2,63.0,23.5,5.45,23.44
SUP-1534,APAC,Tier 2,80.3,33.5,4.28,0.0
SUP-1535,LATAM,Tier 2,51.0,14.4,3.18,22.18
SUP-1536,APAC,Tier 3,47.7,12.3,5.32,37.31
SUP-1537,APAC,Tier 2,64.3,19.3,2.69,9.26
SUP-1538,NAM,Tier 1,51.2,40.4,2.62,5.53
SUP-1539,EMEA,Tier 2,63.5,17.0,3.79,3.52
SUP-1540,EMEA,Tier 2,69.4,54.9,1.85,0.0
SUP-1541,EMEA,Tier 2,40.4,14.2,9.9,48.38
SUP-1542,APAC,Tier 2,64.9,16.6,4.21,12.55
SUP-1543,EMEA,Tier 1,45.7,29.1,5.4,16.77
SUP-1544,EMEA,Tier 1,59.9,16.2,5.8,16.58
SUP-1545,APAC,Tier 3,50.5,14.5,4.21,32.3
SUP-1546,APAC,Tier 2,59.7,33.4,7.84,25.53
SUP-1547,APAC,Tier 2,55.9,30.9,3.83,20.22
SUP-1548,APAC,Tier 2,60.1,9.7,8.01,30.98
SUP-1549,APAC,Tier 2,63.0,17.2,4.65,7.13
SUP-1550,APAC,Tier 3,54.8,16.7,4.79,31.99
SUP-1551,NAM,Tier 3,59.5,14.8,5.52,35.34
SUP-1552,EMEA,Tier 2,73.1,9.8,4.28,9.3
SUP-1553,APAC,Tier 2,74.2,20.1,5.25,12.3
SUP-1554,LATAM,Tier 3,75.0,6.4,6.85,28.22
SUP-1555,APAC,Tier 3,70.5,37.7,6.76,19.42
SUP-1556,NAM,Tier 3,83.2,9.4,2.85,5.32
SUP-1557,NAM,Tier 1,73.5,15.4,3.71,4.43
SUP-1558,NAM,Tier 3,51.7,12.7,0.69,8.11
SUP-1559,APAC,Tier 2,48.6,11.7,6.47,28.36
SUP-1560,APAC,Tier 1,69.4,13.4,8.4,43.97
SUP-1561,APAC,Tier 2,55.0,46.4,4.0,8.27
SUP-1562,APAC,Tier 1,65.9,16.5,5.44,20.44
SUP-1563,EMEA,Tier 2,42.8,8.3,5.53,30.96
SUP-1564,APAC,Tier 2,48.3,25.9,4.02,16.23
SUP-1565,EMEA,Tier 3,43.3,12.2,4.66,32.58
SUP-1566,EMEA,Tier 2,42.1,26.3,3.13,14.09
SUP-1567,EMEA,Tier 3,54.5,24.1,1.01,9.34
SUP-1568,APAC,Tier 3,65.3,39.0,3.92,12.03
SUP-1569,EMEA,Tier 3,40.7,27.4,4.01,28.41
SUP-1570,APAC,Tier 3,49.1,11.1,7.34,38.64
SUP-1571,APAC,Tier 1,59.7,29.6,8.37,34.95
SUP-1572,APAC,Tier 3,60.4,11.7,6.07,37.08
SUP-1573,APAC,Tier 3,70.1,26.9,9.76,49.08
SUP-1574,APAC,Tier 3,54.1,11.0,2.83,20.66
SUP-1575,APAC,Tier 3,79.2,16.8,8.65,43.29
SUP-1576,LATAM,Tier 2,73.3,30.0,7.69,16.55
SUP-1577,EMEA,Tier 3,59.8,13.7,3.68,21.9
SUP-1578,NAM,Tier 3,60.8,13.4,4.36,31.3
SUP-1579,EMEA,Tier 1,54.2,20.9,5.48,9.19
SUP-1580,LATAM,Tier 3,31.5,11.2,5.21,43.56
SUP-1581,APAC,Tier 3,51.8,8.0,7.84,42.94
SUP-1582,NAM,Tier 1,67.5,21.9,1.2,0.0
SUP-1583,NAM,Tier 3,54.0,19.4,6.72,31.51
SUP-1584,NAM,Tier 3,64.8,12.8,6.62,38.39
SUP-1585,APAC,Tier 3,97.5,21.9,8.2,32.08
SUP-1586,NAM,Tier 1,49.0,16.9,1.85,1.58
SUP-1587,NAM,Tier 2,70.5,11.8,6.42,15.73
SUP-1588,APAC,Tier 3,62.4,6.2,5.27,24.26
SUP-1589,APAC,Tier 3,52.9,5.7,3.1,20.62
SUP-1590,APAC,Tier 3,45.2,13.2,7.22,49.32
SUP-1591,NAM,Tier 1,51.0,43.2,2.87,4.15
SUP-1592,APAC,Tier 1,59.4,7.8,5.59,24.65
SUP-1593,APAC,Tier 2,25.9,22.6,2.64,14.5
SUP-1594,APAC,Tier 1,58.1,15.0,6.85,27.81
SUP-1595,APAC,Tier 2,56.3,17.9,7.33,35.24
SUP-1596,NAM,Tier 1,73.1,26.2,3.9,0.29
SUP-1597,APAC,Tier 2,39.0,26.7,4.94,30.99
SUP-1598,EMEA,Tier 3,61.7,9.8,3.16,18.46
SUP-1599,EMEA,Tier 3,35.5,8.0,4.44,39.86
SUP-1600,APAC,Tier 1,53.4,16.4,6.48,30.2
SUP-1601,LATAM,Tier 3,77.8,23.7,2.54,0.0
SUP-1602,LATAM,Tier 3,54.6,15.9,7.49,36.25
SUP-1603,APAC,Tier 2,71.7,12.1,7.98,31.84
SUP-1604,EMEA,Tier 1,66.8,40.6,4.16,17.33
SUP-1605,APAC,Tier 3,45.3,31.7,7.38,49.13
SUP-1606,EMEA,Tier 2,67.9,21.9,4.39,10.2
SUP-1607,NAM,Tier 3,54.5,16.3,6.33,34.3
SUP-1608,NAM,Tier 3,70.2,14.4,5.67,25.04
SUP-1609,APAC,Tier 3,78.8,30.4,9.05,38.52
SUP-1610,APAC,Tier 3,55.3,21.1,9.25,62.72
SUP-1611,EMEA,Tier 2,63.4,5.5,4.06,9.99
SUP-1612,APAC,Tier 2,53.5,16.2,5.66,19.26
SUP-1613,EMEA,Tier 3,21.2,32.1,2.27,22.05
SUP-1614,APAC,Tier 2,92.5,11.1,6.94,13.17
SUP-1615,EMEA,Tier 3,69.2,45.9,5.73,13.31
SUP-1616,APAC,Tier 3,45.1,27.3,2.5,20.6
SUP-1617,EMEA,Tier 3,65.8,21.7,7.69,42.72
SUP-1618,LATAM,Tier 1,56.9,29.9,7.02,28.22
SUP-1619,NAM,Tier 3,52.5,18.2,4.13,37.42
SUP-1620,NAM,Tier 3,76.9,19.8,3.56,20.9
SUP-1621,NAM,Tier 3,58.7,12.2,6.69,36.86
SUP-1622,NAM,Tier 3,18.5,16.1,4.31,54.87
SUP-1623,EMEA,Tier 3,47.0,10.4,3.23,26.62
SUP-1624,APAC,Tier 1,40.3,20.4,8.54,46.35
SUP-1625,APAC,Tier 3,63.5,33.6,7.73,39.19
SUP-1626,NAM,Tier 3,49.2,24.5,5.02,34.1
SUP-1627,EMEA,Tier 3,59.8,19.9,3.84,28.11
SUP-1628,LATAM,Tier 2,62.4,24.1,6.16,25.69
SUP-1629,APAC,Tier 1,68.0,11.4,3.19,8.51
SUP-1630,APAC,Tier 2,76.2,18.7,3.64,10.92
SUP-1631,NAM,Tier 3,48.7,28.6,6.62,36.76
SUP-1632,APAC,Tier 3,64.3,6.9,5.95,24.29
SUP-1633,APAC,Tier 2,52.6,8.9,5.43,30.4
SUP-1634,EMEA,Tier 3,65.5,11.5,5.65,30.75
SUP-1635,EMEA,Tier 1,36.3,22.2,2.59,9.37
SUP-1636,APAC,Tier 2,62.7,17.8,6.75,25.65
SUP-1637,LATAM,Tier 2,40.5,16.1,4.14,21.93
SUP-1638,NAM,Tier 3,59.2,23.5,5.03,25.25
SUP-1639,LATAM,Tier 3,55.7,28.0,5.66,33.97
SUP-1640,LATAM,Tier 3,46.1,20.9,5.33,33.02
SUP-1641,NAM,Tier 1,74.6,29.6,5.97,14.36
SUP-1642,NAM,Tier 2,52.5,11.4,3.02,16.81
SUP-1643,APAC,Tier 3,90.9,16.4,6.16,23.84
SUP-1644,NAM,Tier 3,41.7,39.8,6.43,29.51
SUP-1645,APAC,Tier 3,60.7,21.1,5.88,30.86
SUP-1646,APAC,Tier 3,31.9,10.2,4.0,31.51
SUP-1647,APAC,Tier 1,46.6,22.6,2.7,2.89
SUP-1648,EMEA,Tier 3,80.1,6.5,4.94,23.81
SUP-1649,APAC,Tier 2,66.0,80.8,5.48,4.58
SUP-1650,EMEA,Tier 3,56.0,16.6,6.09,28.63
SUP-1651,NAM,Tier 2,80.0,19.6,4.5,5.08
SUP-1652,LATAM,Tier 3,52.4,34.6,2.69,9.95
SUP-1653,APAC,Tier 1,61.5,17.8,7.08,26.97
SUP-1654,EMEA,Tier 3,41.7,9.9,7.56,44.83
SUP-1655,APAC,Tier 3,61.3,20.5,5.72,26.07
SUP-1656,APAC,Tier 3,100.0,21.0,4.08,7.36
SUP-1657,NAM,Tier 3,51.5,43.0,2.34,7.98
SUP-1658,NAM,Tier 2,74.0,15.4,4.63,10.48
SUP-1659,EMEA,Tier 3,64.0,36.0,7.92,44.72
SUP-1660,APAC,Tier 2,78.1,20.3,5.69,23.36
SUP-1661,NAM,Tier 2,72.4,22.9,5.61,7.13
SUP-1662,APAC,Tier 1,53.5,14.5,5.07,21.59
SUP-1663,APAC,Tier 3,62.4,14.0,7.23,46.09
SUP-1664,EMEA,Tier 2,50.3,40.4,5.13,17.41
SUP-1665,EMEA,Tier 3,54.6,13.9,5.75,34.31
SUP-1666,NAM,Tier 3,62.6,20.4,3.93,28.38
SUP-1667,NAM,Tier 2,53.2,10.3,4.98,24.64
SUP-1668,APAC,Tier 3,73.8,33.1,5.16,29.09
SUP-1669,LATAM,Tier 3,53.6,37.0,5.93,31.96
SUP-1670,APAC,Tier 2,62.4,18.9,6.99,15.11
SUP-1671,EMEA,Tier 1,43.4,10.1,4.72,20.42
SUP-1672,APAC,Tier 3,51.1,21.6,6.45,40.24
SUP-1673,APAC,Tier 3,75.4,29.1,3.89,21.49
SUP-1674,LATAM,Tier 2,79.1,15.3,4.7,7.09
SUP-1675,APAC,Tier 2,48.7,17.5,9.37,36.95
SUP-1676,EMEA,Tier 3,27.2,11.5,6.28,50.61
SUP-1677,EMEA,Tier 1,72.5,19.1,7.05,21.67
SUP-1678,APAC,Tier 3,68.2,34.8,10.0,44.84
SUP-1679,EMEA,Tier 3,58.4,14.0,6.86,44.37
SUP-1680,EMEA,Tier 3,67.2,38.6,3.95,14.27
SUP-1681,NAM,Tier 3,45.7,21.1,0.81,10.49
SUP-1682,EMEA,Tier 3,45.4,28.7,4.37,33.5
SUP-1683,NAM,Tier 3,66.8,35.8,3.59,18.34
SUP-1684,APAC,Tier 3,31.3,19.5,4.87,47.49
SUP-1685,EMEA,Tier 3,51.2,15.9,3.5,33.49
SUP-1686,EMEA,Tier 3,85.9,48.9,5.75,21.52
SUP-1687,EMEA,Tier 3,58.5,21.8,6.18,32.31
SUP-1688,NAM,Tier 2,64.7,25.0,1.65,0.0
SUP-1689,APAC,Tier 2,85.1,24.0,3.15,1.41
SUP-1690,APAC,Tier 1,75.4,15.5,2.24,0.0
SUP-1691,EMEA,Tier 2,42.6,17.2,4.73,20.13
SUP-1692,NAM,Tier 3,61.8,10.6,4.13,12.88
SUP-1693,APAC,Tier 1,65.7,21.8,6.57,13.46
SUP-1694,NAM,Tier 1,68.7,33.8,1.23,0.0
SUP-1695,NAM,Tier 3,53.8,9.7,6.65,43.08
SUP-1696,APAC,Tier 3,65.0,17.2,7.34,32.47
SUP-1697,LATAM,Tier 2,48.5,42.0,3.2,13.81
SUP-1698,APAC,Tier 3,65.7,32.2,6.27,36.24
SUP-1699,LATAM,Tier 2,56.0,22.6,7.45,29.88
SUP-1700,APAC,Tier 2,68.3,14.9,6.62,22.16
SUP-1701,APAC,Tier 2,53.6,26.9,6.87,29.78
SUP-1702,APAC,Tier 1,43.7,61.5,2.35,0.0
SUP-1703,EMEA,Tier 3,51.8,36.7,3.5,21.65
SUP-1704,APAC,Tier 2,62.0,17.0,7.32,34.99
SUP-1705,APAC,Tier 2,85.7,10.1,5.12,19.5
SUP-1706,APAC,Tier 3,52.6,27.5,6.53,31.38
SUP-1707,NAM,Tier 2,53.1,19.0,2.79,10.76
SUP-1708,NAM,Tier 1,42.8,22.1,3.62,19.05
SUP-1709,EMEA,Tier 2,81.2,32.8,4.43,3.17
SUP-1710,NAM,Tier 3,80.0,11.8,3.05,16.08
SUP-1711,LATAM,Tier 3,61.4,39.7,5.84,29.4
SUP-1712,APAC,Tier 2,73.5,9.2,9.03,40.41
SUP-1713,APAC,Tier 2,55.0,8.8,4.54,23.22
SUP-1714,APAC,Tier 3,68.0,10.5,8.36,42.51
SUP-1715,NAM,Tier 1,42.7,26.5,3.09,8.46
SUP-1716,NAM,Tier 3,72.2,9.3,5.8,29.12
SUP-1717,NAM,Tier 3,51.1,19.9,4.09,22.51
SUP-1718,NAM,Tier 1,54.4,9.7,5.06,15.46
SUP-1719,APAC,Tier 3,84.0,8.8,4.49,14.94
SUP-1720,NAM,Tier 3,42.0,21.4,3.37,32.04
SUP-1721,EMEA,Tier 1,38.4,37.1,3.3,15.5
SUP-1722,EMEA,Tier 3,70.4,8.5,3.31,14.9
SUP-1723,NAM,Tier 2,60.3,5.0,4.31,6.94
SUP-1724,NAM,Tier 3,64.3,37.2,3.99,12.83
SUP-1725,APAC,Tier 2,52.5,33.8,7.97,29.46
SUP-1726,NAM,Tier 1,48.8,22.3,5.3,20.66
SUP-1727,APAC,Tier 2,66.0,22.6,1.96,0.0
SUP-1728,APAC,Tier 2,53.0,40.2,3.41,5.99
SUP-1729,APAC,Tier 2,71.2,21.7,7.58,26.65
SUP-1730,EMEA,Tier 1,59.7,14.8,3.62,11.44
SUP-1731,EMEA,Tier 3,45.7,23.7,1.74,17.16
SUP-1732,LATAM,Tier 3,68.6,19.2,4.17,16.43
SUP-1733,NAM,Tier 2,27.5,26.2,5.63,24.95
SUP-1734,EMEA,Tier 3,47.4,6.8,4.4,29.44
SUP-1735,NAM,Tier 2,56.9,20.7,3.13,2.35
SUP-1736,NAM,Tier 1,67.8,31.7,4.3,13.41
SUP-1737,EMEA,Tier 1,40.3,30.0,4.45,20.68
SUP-1738,APAC,Tier 1,53.7,16.0,7.72,29.27
SUP-1739,EMEA,Tier 2,41.4,10.3,8.48,49.55
SUP-1740,LATAM,Tier 2,37.3,21.5,7.28,44.99
SUP-1741,NAM,Tier 3,61.2,27.2,7.46,42.71
SUP-1742,APAC,Tier 3,78.3,27.8,2.96,11.82
SUP-1743,EMEA,Tier 3,43.1,6.7,6.29,43.46
SUP-1744,APAC,Tier 2,84.7,32.8,9.18,32.18
SUP-1745,EMEA,Tier 2,80.0,39.7,3.98,5.64
SUP-1746,APAC,Tier 2,55.4,13.3,5.36,16.98
SUP-1747,APAC,Tier 3,64.0,26.0,5.33,28.07
SUP-1748,APAC,Tier 2,63.1,18.5,2.03,2.81
SUP-1749,APAC,Tier 1,62.9,17.5,4.05,18.69
SUP-1750,NAM,Tier 2,48.9,15.3,2.99,15.58
SUP-1751,NAM,Tier 3,59.6,33.3,5.62,28.78
SUP-1752,EMEA,Tier 2,33.2,22.3,1.75,0.6
SUP-1753,NAM,Tier 3,62.5,17.3,2.0,13.18
SUP-1754,APAC,Tier 3,63.2,25.0,5.97,35.52
SUP-1755,EMEA,Tier 1,36.9,11.9,6.41,35.13
SUP-1756,NAM,Tier 3,48.8,16.5,1.83,24.21
SUP-1757,APAC,Tier 2,53.9,9.4,2.18,8.95
SUP-1758,EMEA,Tier 1,73.8,19.0,5.37,18.39
SUP-1759,EMEA,Tier 3,23.1,25.2,2.09,21.8
SUP-1760,NAM,Tier 2,66.6,27.8,5.95,9.69
SUP-1761,EMEA,Tier 2,62.2,6.7,1.02,0.0
SUP-1762,APAC,Tier 3,63.7,10.3,7.1,40.97
SUP-1763,LATAM,Tier 3,51.3,14.6,2.5,24.69
SUP-1764,APAC,Tier 2,41.7,30.2,4.39,13.86
SUP-1765,APAC,Tier 3,31.7,8.0,4.16,32.98
SUP-1766,APAC,Tier 3,56.3,14.2,5.24,34.01
SUP-1767,APAC,Tier 2,74.7,6.6,7.47,28.35
SUP-1768,NAM,Tier 2,51.9,40.6,7.47,25.44
SUP-1769,LATAM,Tier 3,70.6,55.3,5.63,13.81
SUP-1770,NAM,Tier 2,84.5,17.3,6.93,14.95
SUP-1771,APAC,Tier 2,37.8,14.3,3.49,14.2
SUP-1772,NAM,Tier 3,85.9,30.4,5.08,11.44
SUP-1773,LATAM,Tier 3,63.6,20.1,3.41,14.09
SUP-1774,EMEA,Tier 3,43.3,32.8,2.65,18.41
SUP-1775,APAC,Tier 1,61.8,43.0,5.07,7.06
SUP-1776,EMEA,Tier 1,72.5,14.1,1.7,0.0
SUP-1777,EMEA,Tier 3,59.0,26.1,4.17,23.99
SUP-1778,APAC,Tier 3,34.4,12.1,5.88,52.1
SUP-1779,EMEA,Tier 1,45.1,11.2,1.86,0.0
SUP-1780,EMEA,Tier 3,57.9,35.1,4.69,19.81
SUP-1781,APAC,Tier 1,71.3,21.0,3.88,9.94
SUP-1782,APAC,Tier 3,69.8,22.7,8.54,51.5
SUP-1783,LATAM,Tier 3,73.6,28.9,6.43,23.1
SUP-1784,NAM,Tier 3,49.1,8.7,3.39,19.6
SUP-1785,EMEA,Tier 2,47.4,21.0,5.64,27.49
SUP-1786,EMEA,Tier 3,67.7,43.3,6.48,34.68
SUP-1787,EMEA,Tier 3,77.8,9.9,4.69,19.27
SUP-1788,APAC,Tier 1,75.8,25.3,5.8,16.02
SUP-1789,EMEA,Tier 3,58.8,21.7,6.75,36.48
SUP-1790,APAC,Tier 2,34.3,71.1,7.07,21.87
SUP-1791,NAM,Tier 3,44.2,7.5,4.19,20.34
SUP-1792,APAC,Tier 3,52.2,20.7,3.6,26.38
SUP-1793,NAM,Tier 3,64.9,8.5,0.0,5.63
SUP-1794,NAM,Tier 3,79.5,13.8,2.31,11.53
SUP-1795,EMEA,Tier 3,46.4,36.5,0.41,3.35
SUP-1796,NAM,Tier 1,59.6,14.9,6.13,18.13
SUP-1797,APAC,Tier 3,63.4,24.6,5.63,25.7
SUP-1798,APAC,Tier 1,50.5,9.3,10.0,43.93
SUP-1799,EMEA,Tier 2,73.1,14.0,4.2,4.42
SUP-1800,NAM,Tier 1,53.3,16.7,2.13,8.11
SUP-1801,NAM,Tier 2,54.6,9.2,4.34,21.51
SUP-1802,APAC,Tier 3,66.3,24.6,7.12,29.56
SUP-1803,APAC,Tier 3,58.9,14.3,7.45,47.33
SUP-1804,APAC,Tier 3,60.2,9.4,10.0,50.81
SUP-1805,LATAM,Tier 1,45.3,14.7,5.75,21.24
SUP-1806,EMEA,Tier 3,53.9,16.9,0.63,9.59
SUP-1807,EMEA,Tier 2,66.8,12.0,7.7,24.9
SUP-1808,NAM,Tier 3,61.8,17.9,2.81,18.96
SUP-1809,APAC,Tier 3,72.8,11.5,5.31,31.11
SUP-1810,APAC,Tier 2,39.4,24.6,5.19,32.17
SUP-1811,NAM,Tier 3,36.9,16.5,5.3,31.65
SUP-1812,APAC,Tier 3,60.0,10.4,7.54,43.32
SUP-1813,NAM,Tier 3,50.3,31.7,4.7,17.04
SUP-1814,APAC,Tier 3,89.2,40.1,7.31,25.21
SUP-1815,APAC,Tier 3,43.5,12.8,5.25,33.69
SUP-1816,EMEA,Tier 2,91.4,10.7,4.82,10.87
SUP-1817,LATAM,Tier 2,50.2,9.9,5.78,28.22
SUP-1818,APAC,Tier 1,72.7,25.1,4.3,0.97
SUP-1819,NAM,Tier 2,53.4,34.7,2.37,3.9
SUP-1820,EMEA,Tier 3,62.3,27.9,4.07,24.22
SUP-1821,APAC,Tier 2,79.9,24.1,8.54,20.82
SUP-1822,EMEA,Tier 3,51.3,60.7,4.99,20.31
SUP-1823,APAC,Tier 2,58.3,7.5,1.97,6.27
SUP-1824,APAC,Tier 3,79.1,12.5,8.63,41.82
SUP-1825,LATAM,Tier 3,70.6,23.2,6.22,25.4
SUP-1826,NAM,Tier 2,49.4,33.1,7.35,28.25
SUP-1827,APAC,Tier 2,69.5,29.0,6.27,12.34
SUP-1828,NAM,Tier 3,59.9,20.9,5.31,33.48
SUP-1829,APAC,Tier 2,37.6,31.8,7.09,31.58
SUP-1830,APAC,Tier 3,96.1,30.1,6.33,11.41
SUP-1831,NAM,Tier 3,78.3,23.4,3.35,8.21
SUP-1832,NAM,Tier 2,53.6,34.6,5.5,10.53
SUP-1833,APAC,Tier 3,46.4,6.1,5.41,33.21
SUP-1834,APAC,Tier 3,72.6,43.0,5.71,22.76
SUP-1835,EMEA,Tier 3,53.4,29.1,7.99,46.32
SUP-1836,NAM,Tier 2,69.0,17.7,3.83,21.57
SUP-1837,EMEA,Tier 3,71.2,31.0,6.52,28.73
SUP-1838,EMEA,Tier 3,73.4,10.4,1.89,12.19
SUP-1839,APAC,Tier 3,44.4,22.1,5.22,40.18
SUP-1840,EMEA,Tier 1,50.4,14.3,3.69,12.68
SUP-1841,APAC,Tier 2,64.6,13.2,7.09,20.0
SUP-1842,APAC,Tier 2,60.0,20.7,10.0,38.8
SUP-1843,EMEA,Tier 3,65.7,26.5,0.96,4.19
SUP-1844,LATAM,Tier 1,58.5,17.2,7.74,31.14
SUP-1845,EMEA,Tier 2,64.2,19.7,0.69,0.0
SUP-1846,EMEA,Tier 3,92.4,20.5,6.04,13.22
SUP-1847,EMEA,Tier 1,41.4,40.5,2.24,7.86
SUP-1848,APAC,Tier 3,50.0,36.3,1.35,3.99
SUP-1849,APAC,Tier 1,66.0,24.4,6.43,17.96
SUP-1850,APAC,Tier 3,62.7,31.2,6.87,26.4
SUP-1851,APAC,Tier 1,70.5,18.8,8.87,26.54
SUP-1852,EMEA,Tier 3,57.2,15.1,3.94,31.94
SUP-1853,APAC,Tier 3,37.3,14.3,7.93,54.27
SUP-1854,APAC,Tier 3,89.8,13.5,7.1,22.89
SUP-1855,APAC,Tier 2,82.4,40.3,4.8,4.71
SUP-1856,EMEA,Tier 3,71.4,60.4,3.89,6.36
SUP-1857,APAC,Tier 2,56.0,18.4,9.96,36.03
SUP-1858,EMEA,Tier 1,53.2,49.1,1.44,1.24
SUP-1859,LATAM,Tier 2,50.7,29.6,1.59,0.0
SUP-1860,LATAM,Tier 2,61.4,5.7,2.76,13.2
SUP-1861,LATAM,Tier 3,88.7,11.6,4.94,15.62
SUP-1862,APAC,Tier 1,66.9,22.4,4.55,14.64
SUP-1863,NAM,Tier 3,55.1,25.8,2.25,23.72
SUP-1864,LATAM,Tier 3,75.7,14.6,7.31,32.47
SUP-1865,NAM,Tier 3,71.4,16.7,4.25,22.51
SUP-1866,EMEA,Tier 3,62.6,27.7,1.4,8.96
SUP-1867,APAC,Tier 2,51.4,25.5,6.48,9.83
SUP-1868,EMEA,Tier 2,67.6,34.6,5.49,11.66
SUP-1869,LATAM,Tier 3,83.6,24.1,0.82,0.0
SUP-1870,APAC,Tier 1,65.1,57.2,4.92,10.82
SUP-1871,NAM,Tier 3,52.4,49.9,3.8,12.3
SUP-1872,NAM,Tier 3,56.9,41.3,2.5,2.75
SUP-1873,EMEA,Tier 1,79.2,25.1,3.51,0.0
SUP-1874,EMEA,Tier 1,30.6,11.3,7.11,49.21
SUP-1875,EMEA,Tier 2,37.2,31.9,5.09,34.92
SUP-1876,EMEA,Tier 2,52.2,23.4,6.37,36.04
SUP-1877,LATAM,Tier 3,74.3,21.4,4.84,20.16
SUP-1878,APAC,Tier 3,58.0,40.1,6.68,32.1
SUP-1879,NAM,Tier 3,45.1,23.8,3.57,23.6
SUP-1880,NAM,Tier 3,59.0,18.9,1.26,11.77
SUP-1881,APAC,Tier 3,62.7,21.6,7.0,36.67
SUP-1882,EMEA,Tier 3,68.4,21.3,2.45,13.27
SUP-1883,APAC,Tier 3,76.6,26.2,5.25,34.03
SUP-1884,NAM,Tier 3,62.7,42.9,4.04,16.11
SUP-1885,NAM,Tier 1,71.6,14.4,0.0,0.0
SUP-1886,LATAM,Tier 1,79.3,42.9,6.02,7.39
SUP-1887,APAC,Tier 3,64.6,50.8,5.06,22.16
SUP-1888,EMEA,Tier 2,38.6,29.0,2.91,15.42
SUP-1889,EMEA,Tier 3,92.2,66.7,3.97,0.0
SUP-1890,NAM,Tier 3,75.0,25.5,0.11,1.02
SUP-1891,APAC,Tier 2,63.6,44.8,6.48,15.8
SUP-1892,EMEA,Tier 3,40.9,14.0,5.1,26.93
SUP-1893,LATAM,Tier 1,58.7,13.4,1.26,0.0
SUP-1894,LATAM,Tier 3,51.4,52.4,4.69,23.08
SUP-1895,LATAM,Tier 3,47.4,34.0,3.74,23.56
SUP-1896,EMEA,Tier 2,85.9,12.3,3.56,7.83
SUP-1897,APAC,Tier 3,44.4,21.7,5.17,32.24
SUP-1898,EMEA,Tier 2,52.5,19.4,1.76,4.76
SUP-1899,EMEA,Tier 2,61.5,19.3,5.59,9.2
SUP-1900,EMEA,Tier 3,58.1,34.6,5.55,25.94
SUP-1901,EMEA,Tier 3,68.2,18.7,8.1,39.88
SUP-1902,APAC,Tier 3,51.4,16.6,5.89,32.86
SUP-1903,LATAM,Tier 3,60.7,17.7,5.89,30.48
SUP-1904,NAM,Tier 2,68.8,28.1,2.82,1.18
SUP-1905,APAC,Tier 3,66.2,41.0,5.97,21.78
SUP-1906,EMEA,Tier 2,39.5,19.9,7.37,37.33
SUP-1907,EMEA,Tier 2,50.2,21.4,3.79,13.19
SUP-1908,APAC,Tier 3,59.0,31.0,5.24,22.65
SUP-1909,EMEA,Tier 1,48.5,19.7,8.63,41.44
SUP-1910,EMEA,Tier 3,79.0,6.4,7.36,34.45
SUP-1911,LATAM,Tier 3,58.0,12.9,2.87,13.32
SUP-1912,EMEA,Tier 3,32.1,12.7,1.78,18.64
SUP-1913,APAC,Tier 2,38.2,54.9,6.17,21.87
SUP-1914,APAC,Tier 3,52.0,25.8,6.46,35.74
SUP-1915,APAC,Tier 2,50.1,10.0,4.36,20.25
SUP-1916,APAC,Tier 3,53.3,35.2,3.23,24.83
SUP-1917,APAC,Tier 1,57.8,49.3,5.19,17.23
SUP-1918,EMEA,Tier 1,63.2,22.4,3.37,1.65
SUP-1919,APAC,Tier 2,66.9,21.4,6.75,13.77
SUP-1920,APAC,Tier 1,68.1,37.1,2.55,7.17
SUP-1921,NAM,Tier 3,60.3,15.4,2.76,16.61
SUP-1922,EMEA,Tier 3,52.5,21.4,4.02,42.71
SUP-1923,EMEA,Tier 3,79.8,14.7,3.92,13.77
SUP-1924,APAC,Tier 3,77.8,15.7,7.45,31.51
SUP-1925,NAM,Tier 3,74.5,16.7,5.39,25.61
SUP-1926,APAC,Tier 2,57.7,14.5,5.62,18.55
SUP-1927,APAC,Tier 2,49.8,14.9,6.0,30.34
SUP-1928,EMEA,Tier 2,78.2,44.9,6.01,17.59
SUP-1929,APAC,Tier 2,44.2,25.9,6.73,26.51
SUP-1930,APAC,Tier 1,57.5,35.6,3.11,1.93
SUP-1931,APAC,Tier 3,78.3,27.9,3.09,9.47
SUP-1932,EMEA,Tier 3,61.8,53.9,7.02,26.17
SUP-1933,EMEA,Tier 3,41.0,13.9,5.15,38.46
SUP-1934,LATAM,Tier 3,86.9,30.5,5.35,12.52
SUP-1935,NAM,Tier 3,38.2,33.0,5.36,33.72
SUP-1936,NAM,Tier 2,55.7,10.2,1.42,0.0
SUP-1937,EMEA,Tier 2,66.3,14.3,5.29,13.25
SUP-1938,NAM,Tier 2,81.2,42.8,5.05,4.69
SUP-1939,EMEA,Tier 1,71.9,12.2,7.97,31.06
SUP-1940,APAC,Tier 3,69.7,29.0,7.21,29.19
SUP-1941,EMEA,Tier 3,37.8,51.4,3.64,21.76
SUP-1942,EMEA,Tier 2,68.6,14.1,3.28,11.11
SUP-1943,APAC,Tier 3,49.7,37.9,2.39,14.29
SUP-1944,EMEA,Tier 3,71.6,39.7,6.79,33.14
SUP-1945,NAM,Tier 3,54.2,34.6,3.91,19.87
SUP-1946,APAC,Tier 3,54.4,17.5,5.6,26.08
SUP-1947,EMEA,Tier 3,61.3,19.0,6.16,22.69
SUP-1948,APAC,Tier 3,58.8,11.1,6.55,36.67
SUP-1949,EMEA,Tier 3,51.3,29.6,4.4,28.4
SUP-1950,APAC,Tier 1,36.6,18.8,7.09,41.91
SUP-1951,APAC,Tier 3,53.4,13.5,3.36,32.65
SUP-1952,APAC,Tier 3,62.4,52.5,6.87,32.29
SUP-1953,NAM,Tier 1,53.2,22.2,0.91,3.25
SUP-1954,APAC,Tier 3,40.2,9.8,8.87,55.62
SUP-1955,NAM,Tier 1,57.4,26.9,2.34,0.0
SUP-1956,EMEA,Tier 3,26.2,23.0,3.93,41.4
SUP-1957,APAC,Tier 2,60.8,64.5,3.99,6.45
SUP-1958,APAC,Tier 3,54.0,13.5,6.2,43.6
SUP-1959,APAC,Tier 2,78.3,38.2,4.97,3.42
SUP-1960,APAC,Tier 1,60.8,44.4,8.46,30.2
SUP-1961,NAM,Tier 3,79.4,56.6,6.23,21.12
SUP-1962,LATAM,Tier 3,51.2,20.6,1.37,1.14
SUP-1963,LATAM,Tier 3,54.7,29.1,6.34,26.81
SUP-1964,APAC,Tier 3,49.2,16.3,7.51,45.27
SUP-1965,EMEA,Tier 2,39.4,22.7,1.68,1.13
SUP-1966,LATAM,Tier 1,35.0,28.7,7.11,38.11
SUP-1967,EMEA,Tier 2,54.7,20.4,0.0,0.0
SUP-1968,EMEA,Tier 1,43.2,17.2,1.65,0.6
SUP-1969,APAC,Tier 3,72.0,40.7,7.07,20.82
SUP-1970,EMEA,Tier 1,46.9,7.9,3.18,9.49
SUP-1971,NAM,Tier 3,39.3,36.3,0.0,5.67
SUP-1972,APAC,Tier 3,87.6,9.2,1.45,0.0
SUP-1973,NAM,Tier 2,65.1,16.4,3.11,11.05
SUP-1974,APAC,Tier 1,47.8,24.5,8.73,38.57
SUP-1975,APAC,Tier 2,65.7,34.3,8.08,28.24
SUP-1976,NAM,Tier 3,55.4,31.1,4.47,21.15
SUP-1977,EMEA,Tier 3,40.1,32.5,1.78,19.17
SUP-1978,EMEA,Tier 2,52.9,7.1,3.46,19.97
SUP-1979,APAC,Tier 1,35.9,19.8,8.92,47.79
SUP-1980,NAM,Tier 3,71.6,21.2,3.59,18.28
SUP-1981,EMEA,Tier 2,67.8,11.3,2.89,3.18
SUP-1982,APAC,Tier 3,73.3,21.2,6.33,27.62
SUP-1983,EMEA,Tier 3,66.7,21.8,6.39,35.47
SUP-1984,EMEA,Tier 3,57.2,51.5,7.0,39.64
SUP-1985,EMEA,Tier 3,77.8,26.4,8.13,26.19
SUP-1986,APAC,Tier 3,49.9,28.2,4.41,25.25
SUP-1987,APAC,Tier 1,68.9,5.1,6.8,26.55
SUP-1988,EMEA,Tier 1,63.0,15.4,4.36,11.48
SUP-1989,EMEA,Tier 3,92.1,62.9,1.16,0.0
SUP-1990,APAC,Tier 1,41.3,16.7,3.05,24.5
SUP-1991,APAC,Tier 3,72.8,14.3,3.56,18.8
SUP-1992,EMEA,Tier 1,70.3,29.8,6.58,22.1
SUP-1993,APAC,Tier 3,82.8,32.2,7.98,26.48
SUP-1994,APAC,Tier 3,54.3,17.1,4.52,24.75
SUP-1995,EMEA,Tier 1,54.3,41.3,3.22,2.44
SUP-1996,APAC,Tier 3,49.6,17.1,5.12,34.63
SUP-1997,EMEA,Tier 3,67.3,9.1,4.07,19.37
SUP-1998,EMEA,Tier 1,40.9,33.4,5.2,27.59
SUP-1999,APAC,Tier 2,69.8,39.4,6.2,21.5
