customer_id,region,plan_type,tenure_months,age,monthly_spend,support_tickets,discount_offered,churned
CUST-00000,South,Enterprise,31.6,38,439.0,1,0,0
CUST-00001,East,Basic,84.1,61,31.73,0,0,0
CUST-00002,East,Basic,1.0,44,27.65,1,0,0
CUST-00003,West,Basic,17.3,74,20.58,1,1,0
CUST-00004,West,Premium,8.7,70,91.54,2,0,0
CUST-00005,South,Basic,33.8,23,22.6,1,0,0
CUST-00006,South,Enterprise,31.2,32,422.12,1,0,0
CUST-00007,South,Premium,10.6,62,87.05,1,0,0
CUST-00008,North,Basic,40.6,34,28.89,6,1,0
CUST-00009,East,Standard,21.5,39,62.18,1,0,0
CUST-00010,East,Premium,16.3,26,115.53,0,0,0
CUST-00011,West,Standard,19.9,21,62.69,1,0,0
CUST-00012,North,Basic,4.2,19,27.8,1,0,0
CUST-00013,South,Premium,9.4,72,124.8,1,0,0
CUST-00014,West,Premium,1.0,25,106.7,2,0,0
CUST-00015,North,Standard,12.4,66,46.35,2,1,0
CUST-00016,South,Enterprise,12.7,40,469.66,2,0,0
CUST-00017,North,Standard,34.4,34,58.21,3,1,0
CUST-00018,South,Basic,1.0,37,24.07,2,1,1
CUST-00019,West,Standard,17.5,57,43.44,1,0,0
CUST-00020,South,Standard,40.8,74,52.92,4,0,0
CUST-00021,East,Premium,46.6,71,118.99,1,0,0
CUST-00022,East,Basic,2.6,52,32.17,1,0,0
CUST-00023,West,Basic,1.0,31,24.07,5,1,0
CUST-00024,North,Enterprise,12.0,71,626.52,2,0,0
CUST-00025,North,Standard,20.4,66,41.09,2,0,0
CUST-00026,West,Standard,19.3,48,64.09,2,0,0
CUST-00027,North,Standard,66.0,20,54.25,0,0,0
CUST-00028,North,Standard,50.4,34,61.22,1,0,0
CUST-00029,South,Basic,22.7,24,26.27,5,0,1
CUST-00030,East,Basic,15.0,39,27.39,0,1,0
CUST-00031,South,Basic,17.7,70,23.39,3,0,0
CUST-00032,North,Basic,83.8,59,24.04,2,1,0
CUST-00033,West,Premium,28.6,70,82.91,2,1,0
CUST-00034,West,Standard,17.5,22,55.29,1,0,0
CUST-00035,North,Basic,1.1,66,23.89,2,0,0
CUST-00036,South,Standard,25.2,27,63.73,2,0,0
CUST-00037,East,Standard,23.0,33,56.06,0,0,0
CUST-00038,East,Standard,24.7,50,60.28,4,0,0
CUST-00039,South,Basic,23.1,40,20.89,2,0,0
CUST-00040,North,Standard,23.8,46,40.98,3,0,0
CUST-00041,East,Basic,6.9,49,24.26,5,0,0
CUST-00042,West,Standard,54.2,66,41.34,5,0,0
CUST-00043,North,Standard,19.4,38,58.81,2,0,0
CUST-00044,East,Standard,52.5,60,57.65,6,0,0
CUST-00045,North,Standard,6.4,25,49.36,5,1,0
CUST-00046,East,Standard,56.8,56,50.86,1,0,0
CUST-00047,West,Premium,32.7,20,109.17,2,0,0
CUST-00048,West,Basic,84.1,64,31.14,2,0,0
CUST-00049,East,Standard,28.6,48,64.9,5,0,0
CUST-00050,South,Basic,25.0,25,24.42,1,0,0
CUST-00051,East,Standard,8.9,37,55.07,1,1,0
CUST-00052,South,Standard,60.4,27,63.32,1,1,0
CUST-00053,West,Enterprise,3.9,38,587.39,3,1,0
CUST-00054,North,Basic,28.2,22,32.5,5,0,0
CUST-00055,West,Standard,6.2,66,58.92,0,0,1
CUST-00056,South,Standard,42.7,67,61.3,3,0,0
CUST-00057,West,Standard,29.2,68,62.58,4,1,0
CUST-00058,East,Standard,57.9,47,55.55,2,0,0
CUST-00059,South,Standard,93.9,70,48.69,1,0,0
CUST-00060,South,Standard,12.3,33,56.02,1,0,0
CUST-00061,East,Basic,5.1,36,30.27,1,1,0
CUST-00062,East,Standard,53.9,66,52.59,1,0,0
CUST-00063,North,Premium,60.9,34,93.84,2,0,0
CUST-00064,South,Standard,11.0,41,58.01,0,1,0
CUST-00065,East,Premium,33.2,62,123.36,2,0,0
CUST-00066,East,Premium,2.2,61,91.66,2,0,0
CUST-00067,East,Premium,19.6,57,101.58,0,0,0
CUST-00068,East,Standard,10.6,62,48.26,1,0,0
CUST-00069,South,Premium,2.2,47,88.67,1,0,0
CUST-00070,West,Basic,12.2,45,31.47,0,0,0
CUST-00071,East,Premium,30.4,28,108.58,2,0,0
CUST-00072,East,Basic,2.9,43,29.6,0,0,0
CUST-00073,South,Standard,11.1,73,43.36,0,0,0
CUST-00074,West,Basic,27.5,34,21.46,3,0,0
CUST-00075,South,Enterprise,112.9,51,445.31,0,0,0
CUST-00076,West,Basic,38.1,31,29.99,2,0,0
CUST-00077,South,Standard,27.6,25,50.98,2,0,0
CUST-00078,North,Premium,11.6,31,83.33,1,0,0
CUST-00079,East,Standard,4.4,64,55.5,3,0,0
CUST-00080,East,Basic,20.2,27,26.17,1,0,0
CUST-00081,South,Standard,16.7,25,43.75,2,0,0
CUST-00082,East,Basic,10.2,28,31.99,1,0,0
CUST-00083,East,Enterprise,3.6,35,552.86,0,0,0
CUST-00084,East,Standard,61.4,25,56.28,2,1,0
CUST-00085,West,Enterprise,3.1,54,646.21,1,0,0
CUST-00086,East,Standard,12.2,26,58.61,2,1,0
CUST-00087,West,Enterprise,15.0,44,584.38,1,0,0
CUST-00088,North,Standard,13.0,41,47.79,2,0,0
CUST-00089,West,Standard,19.6,39,42.13,3,0,0
CUST-00090,West,Basic,5.1,62,24.72,3,0,0
CUST-00091,South,Standard,34.8,21,44.55,3,0,0
CUST-00092,North,Basic,30.2,46,25.1,2,0,0
CUST-00093,South,Standard,52.4,45,45.95,0,0,0
CUST-00094,West,Premium,12.1,54,87.05,1,1,0
CUST-00095,East,Premium,3.1,36,109.15,3,0,0
CUST-00096,East,Basic,23.5,55,29.67,2,0,0
CUST-00097,North,Standard,101.4,40,60.0,1,0,0
CUST-00098,East,Basic,3.6,60,25.27,0,0,0
CUST-00099,East,Premium,18.1,59,108.83,2,0,0
CUST-00100,North,Basic,55.3,23,29.15,2,0,0
CUST-00101,South,Premium,13.2,19,88.31,1,0,0
CUST-00102,South,Basic,10.5,66,29.02,4,0,0
CUST-00103,East,Basic,44.2,34,26.2,3,1,0
CUST-00104,South,Standard,13.7,56,41.9,0,1,0
CUST-00105,North,Basic,9.1,66,21.71,2,0,0
CUST-00106,East,Premium,25.8,71,111.86,4,0,0
CUST-00107,East,Enterprise,19.5,39,628.87,0,0,0
CUST-00108,West,Enterprise,69.3,35,586.27,0,0,0
CUST-00109,East,Standard,10.9,61,43.01,0,0,0
CUST-00110,East,Basic,9.1,66,26.73,3,0,0
CUST-00111,South,Enterprise,1.0,30,532.23,5,0,0
CUST-00112,West,Enterprise,35.1,42,484.09,2,0,0
CUST-00113,West,Premium,21.3,65,80.89,3,0,0
CUST-00114,West,Basic,13.0,73,31.05,4,0,0
CUST-00115,North,Premium,3.1,60,88.83,1,0,0
CUST-00116,North,Enterprise,51.7,52,549.32,2,0,0
CUST-00117,West,Standard,23.4,64,40.87,4,0,1
CUST-00118,West,Basic,9.6,42,26.89,0,0,0
CUST-00119,South,Premium,16.4,23,128.11,0,0,0
CUST-00120,North,Premium,17.4,68,121.23,2,0,0
CUST-00121,West,Standard,45.6,65,57.71,5,0,0
CUST-00122,North,Premium,3.3,60,91.43,1,0,0
CUST-00123,South,Basic,2.1,44,32.26,2,0,0
CUST-00124,North,Premium,18.7,49,122.01,1,0,0
CUST-00125,North,Premium,70.6,34,118.55,2,1,0
CUST-00126,West,Standard,14.2,52,54.86,1,0,0
CUST-00127,West,Basic,1.0,51,23.42,3,0,0
CUST-00128,North,Basic,27.4,39,21.64,2,0,0
CUST-00129,West,Enterprise,34.3,22,645.99,2,0,0
CUST-00130,East,Standard,47.9,33,53.58,1,1,0
CUST-00131,South,Standard,1.0,46,43.28,0,0,0
CUST-00132,West,Standard,3.0,34,55.18,2,1,0
CUST-00133,South,Standard,13.6,30,43.74,2,0,0
CUST-00134,East,Premium,73.2,58,81.98,1,0,0
CUST-00135,North,Standard,23.1,37,48.65,2,0,0
CUST-00136,North,Premium,10.6,56,86.64,3,1,0
CUST-00137,East,Premium,1.0,23,110.83,4,0,0
CUST-00138,South,Standard,19.3,23,60.43,3,1,0
CUST-00139,North,Basic,49.3,36,32.2,1,0,0
CUST-00140,South,Standard,30.5,39,48.31,2,0,0
CUST-00141,South,Basic,44.0,66,30.85,3,0,0
CUST-00142,North,Premium,20.7,53,81.47,3,0,0
CUST-00143,South,Standard,11.6,35,55.79,1,0,0
CUST-00144,North,Basic,85.3,72,25.16,0,0,0
CUST-00145,South,Standard,20.8,37,54.82,1,0,0
CUST-00146,East,Standard,35.6,73,49.92,1,0,0
CUST-00147,South,Standard,26.6,58,50.77,2,0,0
CUST-00148,North,Premium,26.2,54,119.09,4,1,0
CUST-00149,North,Basic,1.3,18,21.53,2,0,1
CUST-00150,North,Enterprise,80.5,60,404.34,3,0,0
CUST-00151,East,Basic,3.4,69,28.81,2,1,0
CUST-00152,South,Premium,4.7,51,113.08,2,0,0
CUST-00153,West,Premium,2.9,42,114.48,2,0,0
CUST-00154,North,Standard,178.6,23,47.95,3,0,0
CUST-00155,East,Premium,62.4,36,120.39,4,0,1
CUST-00156,South,Standard,12.1,38,49.51,3,1,0
CUST-00157,North,Standard,34.2,26,49.49,3,0,0
CUST-00158,South,Standard,18.3,32,49.86,4,0,0
CUST-00159,North,Enterprise,25.5,68,415.07,2,0,0
CUST-00160,South,Standard,39.0,52,54.52,0,0,0
CUST-00161,West,Premium,17.7,24,114.06,1,0,0
CUST-00162,East,Basic,79.1,21,21.09,3,1,0
CUST-00163,East,Standard,37.9,32,55.27,3,0,0
CUST-00164,South,Premium,13.2,27,120.48,1,0,0
CUST-00165,North,Premium,15.4,38,84.79,0,0,0
CUST-00166,East,Basic,11.9,74,26.21,1,0,0
CUST-00167,South,Premium,28.3,56,97.05,4,0,0
CUST-00168,East,Standard,11.0,23,48.87,0,0,0
CUST-00169,West,Basic,18.6,55,27.41,2,1,0
CUST-00170,South,Standard,129.6,40,51.63,0,0,0
CUST-00171,North,Standard,5.4,33,50.24,2,0,0
CUST-00172,South,Standard,3.1,68,43.81,6,0,1
CUST-00173,West,Premium,29.6,31,85.88,1,0,0
CUST-00174,North,Standard,41.9,40,63.56,2,0,0
CUST-00175,South,Standard,12.1,55,60.44,5,1,0
CUST-00176,North,Standard,10.2,37,54.33,3,0,0
CUST-00177,West,Premium,9.2,52,99.93,1,1,0
CUST-00178,North,Enterprise,19.1,49,430.51,4,1,0
CUST-00179,East,Standard,11.7,22,59.52,1,0,0
CUST-00180,East,Enterprise,6.6,52,418.66,2,0,0
CUST-00181,East,Basic,6.4,69,22.17,4,0,0
CUST-00182,East,Standard,4.7,39,64.1,1,0,0
CUST-00183,East,Standard,5.0,22,45.38,0,0,0
CUST-00184,West,Enterprise,16.1,52,466.46,2,0,0
CUST-00185,West,Basic,25.3,52,24.7,3,0,0
CUST-00186,South,Standard,13.8,46,46.98,4,0,0
CUST-00187,North,Premium,14.4,62,87.51,3,1,0
CUST-00188,North,Basic,1.0,22,26.36,5,1,0
CUST-00189,East,Premium,1.7,27,81.05,0,0,0
CUST-00190,West,Standard,11.5,67,40.26,1,1,0
CUST-00191,South,Premium,9.3,53,94.64,6,1,0
CUST-00192,North,Standard,13.6,42,44.09,3,1,0
CUST-00193,East,Standard,50.7,29,62.97,2,0,0
CUST-00194,West,Standard,4.7,39,58.83,2,1,0
CUST-00195,North,Enterprise,16.1,40,610.18,3,0,0
CUST-00196,East,Premium,24.3,54,88.0,1,0,0
CUST-00197,West,Basic,12.3,59,28.22,3,0,0
CUST-00198,East,Standard,45.2,71,60.82,0,0,0
CUST-00199,East,Premium,44.3,23,123.83,3,0,0
CUST-00200,South,Standard,28.5,38,40.73,1,0,0
CUST-00201,West,Standard,30.8,54,54.5,3,0,0
CUST-00202,West,Standard,1.9,39,57.39,3,0,0
CUST-00203,North,Premium,6.5,69,83.13,3,1,0
CUST-00204,South,Basic,27.8,64,30.5,2,0,0
CUST-00205,South,Basic,1.0,71,23.41,3,0,0
CUST-00206,West,Basic,38.9,27,31.72,2,0,0
CUST-00207,West,Basic,1.4,63,27.63,1,0,0
CUST-00208,North,Basic,8.0,45,23.45,3,0,0
CUST-00209,South,Basic,46.0,60,20.78,1,0,0
CUST-00210,South,Premium,1.0,73,107.42,0,0,0
CUST-00211,West,Premium,23.5,54,129.06,2,0,0
CUST-00212,West,Standard,10.3,58,40.55,2,0,0
CUST-00213,West,Basic,12.4,60,20.85,2,0,0
CUST-00214,North,Enterprise,45.5,19,424.39,3,0,0
CUST-00215,South,Enterprise,37.9,66,450.34,1,0,0
CUST-00216,East,Basic,50.5,39,22.02,3,0,0
CUST-00217,North,Standard,8.0,59,52.45,0,0,0
CUST-00218,South,Premium,80.1,73,89.34,0,0,0
CUST-00219,South,Standard,24.7,32,62.88,1,0,0
CUST-00220,South,Premium,56.8,67,88.44,2,0,0
CUST-00221,West,Standard,38.5,63,42.09,6,0,0
CUST-00222,West,Standard,4.2,44,57.17,0,1,0
CUST-00223,North,Standard,87.1,45,61.45,3,0,0
CUST-00224,South,Standard,16.4,20,62.0,1,1,0
CUST-00225,East,Standard,56.6,68,51.26,3,0,0
CUST-00226,West,Standard,3.2,33,42.66,1,0,0
CUST-00227,East,Enterprise,1.8,20,573.54,2,1,0
CUST-00228,East,Enterprise,49.2,56,601.85,0,0,0
CUST-00229,West,Basic,4.4,51,25.59,3,0,1
CUST-00230,South,Basic,32.3,43,32.08,0,0,0
CUST-00231,West,Standard,43.9,62,64.07,3,0,0
CUST-00232,East,Standard,2.4,47,41.15,2,1,0
CUST-00233,East,Standard,1.6,45,61.31,3,1,0
CUST-00234,West,Basic,21.0,63,30.7,1,0,0
CUST-00235,North,Basic,57.7,21,30.86,0,0,0
CUST-00236,East,Basic,58.0,63,29.67,4,0,0
CUST-00237,North,Standard,2.6,39,59.67,2,0,0
CUST-00238,South,Standard,53.3,35,49.05,1,0,0
CUST-00239,West,Standard,15.8,57,51.74,2,0,0
CUST-00240,North,Premium,44.6,50,96.94,3,0,0
CUST-00241,North,Standard,2.9,68,62.0,1,0,1
CUST-00242,South,Enterprise,4.3,57,505.46,4,0,0
CUST-00243,West,Basic,24.3,40,28.97,1,0,0
CUST-00244,East,Premium,26.1,54,86.05,2,1,0
CUST-00245,West,Standard,27.2,19,62.2,2,0,0
CUST-00246,North,Standard,32.4,46,41.66,1,1,0
CUST-00247,South,Standard,20.7,43,62.75,2,0,0
CUST-00248,South,Premium,12.4,62,93.77,2,0,0
CUST-00249,West,Enterprise,13.5,57,622.41,0,0,0
CUST-00250,South,Standard,17.2,45,50.76,1,0,0
CUST-00251,North,Standard,24.3,60,49.65,2,0,0
CUST-00252,West,Standard,19.7,48,57.21,1,1,0
CUST-00253,West,Standard,1.0,71,63.14,2,1,0
CUST-00254,North,Premium,11.1,54,103.7,3,0,0
CUST-00255,North,Enterprise,35.6,22,438.54,4,0,0
CUST-00256,North,Basic,10.1,61,22.94,2,0,0
CUST-00257,North,Premium,5.6,34,116.73,1,0,0
CUST-00258,East,Basic,45.9,54,26.79,4,0,0
CUST-00259,West,Basic,37.9,37,25.83,0,0,0
CUST-00260,East,Basic,33.7,23,27.36,1,0,0
CUST-00261,South,Standard,16.3,67,58.14,3,0,0
CUST-00262,South,Enterprise,1.5,62,509.79,2,0,0
CUST-00263,East,Standard,62.6,33,59.06,1,0,0
CUST-00264,East,Standard,41.1,58,46.97,2,0,0
CUST-00265,West,Basic,1.0,18,24.27,1,1,0
CUST-00266,West,Premium,51.8,52,110.68,0,0,0
CUST-00267,South,Standard,1.6,52,53.73,3,1,0
CUST-00268,East,Basic,44.3,33,25.98,1,0,0
CUST-00269,West,Standard,8.3,73,50.13,3,0,0
CUST-00270,East,Standard,25.0,39,44.7,4,0,0
CUST-00271,South,Basic,8.7,32,26.91,1,0,0
CUST-00272,South,Basic,3.4,51,29.02,1,1,0
CUST-00273,West,Premium,21.6,34,83.13,1,0,0
CUST-00274,South,Basic,10.7,36,27.06,5,0,0
CUST-00275,North,Basic,20.0,44,30.55,1,0,0
CUST-00276,North,Basic,3.3,21,28.78,1,0,0
CUST-00277,North,Standard,75.4,45,61.65,1,0,0
CUST-00278,North,Premium,4.9,54,121.11,2,0,0
CUST-00279,North,Standard,22.5,51,49.87,1,0,0
CUST-00280,North,Standard,15.2,18,62.26,1,1,0
CUST-00281,East,Basic,43.3,63,23.02,4,0,0
CUST-00282,West,Basic,31.0,42,32.04,2,0,0
CUST-00283,East,Enterprise,3.2,70,419.1,2,0,0
CUST-00284,South,Premium,6.1,74,98.59,0,0,0
CUST-00285,West,Premium,1.0,28,121.49,2,1,0
CUST-00286,East,Enterprise,22.2,30,586.86,1,0,0
CUST-00287,West,Enterprise,18.9,32,540.32,2,0,0
CUST-00288,West,Standard,7.8,30,60.28,3,0,0
CUST-00289,South,Standard,53.0,58,57.25,3,1,0
CUST-00290,South,Premium,10.5,38,128.12,4,0,0
CUST-00291,West,Standard,54.7,61,61.09,5,0,0
CUST-00292,East,Enterprise,20.2,28,514.74,2,1,0
CUST-00293,West,Premium,10.5,34,128.01,3,0,0
CUST-00294,North,Standard,26.4,37,54.13,2,1,0
CUST-00295,West,Basic,24.1,41,30.1,1,0,0
CUST-00296,North,Standard,54.0,62,42.96,1,0,0
CUST-00297,North,Premium,11.2,37,84.54,0,1,0
CUST-00298,South,Standard,117.2,46,54.1,2,0,0
CUST-00299,North,Standard,6.0,58,45.72,2,1,0
CUST-00300,East,Standard,13.4,29,58.97,1,0,0
CUST-00301,West,Standard,36.4,59,62.22,1,0,0
CUST-00302,East,Basic,24.3,44,20.86,4,0,0
CUST-00303,West,Standard,3.9,74,51.58,0,0,0
CUST-00304,South,Standard,18.2,74,41.53,2,1,1
CUST-00305,South,Premium,1.3,21,128.34,2,0,0
CUST-00306,South,Standard,29.9,44,46.79,0,0,0
CUST-00307,South,Basic,34.5,71,27.38,1,0,0
CUST-00308,North,Premium,21.0,28,111.42,3,0,0
CUST-00309,West,Premium,4.5,34,126.65,5,0,0
CUST-00310,South,Premium,5.2,30,90.67,1,1,0
CUST-00311,East,Standard,19.1,34,49.51,1,0,0
CUST-00312,North,Premium,1.0,50,128.51,1,0,0
CUST-00313,East,Enterprise,1.3,18,477.21,1,0,0
CUST-00314,West,Basic,50.8,42,21.97,1,0,0
CUST-00315,West,Basic,23.5,20,30.63,3,1,1
CUST-00316,South,Basic,12.7,23,24.18,2,0,0
CUST-00317,South,Standard,9.7,19,45.14,4,0,0
CUST-00318,East,Enterprise,9.4,27,628.68,0,0,0
CUST-00319,North,Standard,92.7,58,58.45,2,0,0
CUST-00320,North,Standard,7.5,41,56.42,2,1,0
CUST-00321,South,Basic,21.9,37,21.15,3,0,0
CUST-00322,East,Standard,17.9,19,61.65,1,0,0
CUST-00323,East,Premium,5.4,39,111.26,1,0,0
CUST-00324,West,Standard,67.4,27,49.98,2,0,0
CUST-00325,North,Standard,2.3,38,62.86,1,0,0
CUST-00326,North,Standard,22.8,74,56.77,2,0,0
CUST-00327,West,Basic,10.6,63,23.39,1,0,0
CUST-00328,East,Standard,2.0,65,48.33,3,0,0
CUST-00329,East,Basic,105.5,25,20.86,3,0,0
CUST-00330,West,Standard,37.2,38,50.28,4,0,0
CUST-00331,South,Standard,36.9,74,45.03,2,1,0
CUST-00332,South,Premium,1.0,74,93.01,1,1,0
CUST-00333,East,Premium,40.4,37,102.31,1,0,0
CUST-00334,East,Basic,32.6,69,30.91,3,0,0
CUST-00335,South,Basic,9.2,26,20.97,3,0,0
CUST-00336,South,Standard,1.0,26,44.01,1,0,0
CUST-00337,North,Basic,1.0,19,26.65,2,0,0
CUST-00338,East,Premium,3.1,64,85.27,1,0,0
CUST-00339,North,Standard,6.4,32,58.73,5,0,0
CUST-00340,North,Standard,19.0,18,55.79,1,0,0
CUST-00341,South,Basic,28.3,24,21.43,7,0,0
CUST-00342,North,Premium,51.2,71,116.17,5,0,0
CUST-00343,North,Premium,51.4,20,80.67,2,0,0
CUST-00344,North,Standard,4.8,57,64.2,0,0,0
CUST-00345,South,Premium,13.6,46,107.95,1,0,0
CUST-00346,North,Standard,15.0,69,41.13,2,0,0
CUST-00347,South,Standard,2.4,73,53.71,0,0,0
CUST-00348,West,Premium,39.0,69,87.02,3,0,0
CUST-00349,East,Enterprise,34.1,20,508.29,4,0,0
CUST-00350,South,Standard,4.9,62,45.37,3,1,0
CUST-00351,South,Premium,25.9,49,101.55,4,0,0
CUST-00352,South,Basic,25.5,24,23.31,4,1,0
CUST-00353,South,Standard,1.0,39,40.84,2,1,0
CUST-00354,South,Premium,52.6,57,116.81,2,0,0
CUST-00355,East,Enterprise,42.1,29,481.66,4,1,0
CUST-00356,North,Basic,10.7,68,25.08,0,1,0
CUST-00357,North,Basic,59.6,66,29.53,0,0,0
CUST-00358,East,Standard,48.0,27,49.76,0,0,0
CUST-00359,East,Basic,20.8,65,27.46,4,0,0
CUST-00360,East,Premium,30.1,42,105.2,4,0,0
CUST-00361,North,Standard,87.8,71,46.88,1,0,0
CUST-00362,East,Standard,26.4,46,63.72,0,0,0
CUST-00363,North,Standard,14.6,37,64.02,2,1,0
CUST-00364,South,Enterprise,21.0,25,423.73,2,0,0
CUST-00365,East,Basic,28.2,60,22.64,3,0,0
CUST-00366,West,Basic,54.6,64,27.54,3,0,0
CUST-00367,South,Standard,53.4,46,42.13,1,0,0
CUST-00368,South,Basic,2.6,69,25.48,2,1,1
CUST-00369,North,Basic,23.9,46,22.91,0,0,0
CUST-00370,East,Basic,5.7,39,31.23,1,0,0
CUST-00371,North,Premium,29.4,63,120.19,1,0,0
CUST-00372,East,Basic,16.1,34,25.52,3,0,0
CUST-00373,South,Standard,115.2,34,61.56,4,0,0
CUST-00374,South,Premium,16.3,61,114.35,1,0,0
CUST-00375,East,Standard,17.3,57,44.91,2,0,0
CUST-00376,East,Basic,19.3,42,29.27,1,0,0
CUST-00377,West,Standard,12.5,33,47.14,3,0,0
CUST-00378,South,Basic,19.5,48,27.17,2,0,0
CUST-00379,East,Standard,33.4,62,61.77,3,0,0
CUST-00380,North,Standard,60.8,62,63.62,4,0,0
CUST-00381,East,Premium,17.3,47,129.98,3,1,0
CUST-00382,South,Standard,22.9,26,51.71,1,0,0
CUST-00383,West,Enterprise,135.0,61,406.24,1,1,0
CUST-00384,North,Standard,7.9,29,49.49,3,0,0
CUST-00385,East,Standard,63.5,23,49.15,2,1,0
CUST-00386,South,Basic,9.7,19,28.35,3,1,0
CUST-00387,West,Premium,32.2,43,125.65,2,0,0
CUST-00388,South,Premium,7.8,63,83.95,1,0,0
CUST-00389,West,Basic,11.2,21,22.48,1,0,0
CUST-00390,South,Standard,58.7,20,46.17,4,0,0
CUST-00391,West,Basic,1.0,29,30.81,3,0,0
CUST-00392,South,Basic,13.9,19,22.31,2,1,0
CUST-00393,East,Basic,16.3,63,27.45,1,1,0
CUST-00394,West,Standard,31.7,21,54.54,0,0,0
CUST-00395,East,Standard,19.7,69,40.27,2,0,0
CUST-00396,North,Enterprise,5.8,26,623.92,4,0,0
CUST-00397,East,Standard,6.8,45,64.59,2,0,1
CUST-00398,North,Standard,14.7,57,64.74,1,0,0
CUST-00399,East,Basic,54.3,33,24.53,2,1,0
CUST-00400,South,Premium,6.0,64,86.98,3,1,1
CUST-00401,East,Basic,13.1,51,20.41,2,0,0
CUST-00402,East,Premium,1.7,61,85.82,3,0,0
CUST-00403,South,Premium,40.5,34,124.96,4,0,0
CUST-00404,South,Standard,1.0,33,41.05,1,0,0
CUST-00405,North,Standard,31.6,26,47.83,1,0,0
CUST-00406,South,Basic,2.3,55,26.64,4,0,0
CUST-00407,West,Standard,11.4,40,52.51,1,0,0
CUST-00408,West,Basic,51.8,20,30.36,3,0,0
CUST-00409,West,Standard,3.4,39,59.58,2,0,0
CUST-00410,East,Basic,66.9,40,20.82,4,0,0
CUST-00411,South,Premium,30.9,63,99.66,0,1,0
CUST-00412,East,Basic,6.4,28,30.38,2,0,0
CUST-00413,North,Enterprise,5.8,33,543.49,1,0,1
CUST-00414,West,Standard,1.0,29,49.1,1,1,0
CUST-00415,East,Premium,3.4,72,107.49,0,0,0
CUST-00416,West,Basic,6.2,38,21.09,0,1,1
CUST-00417,East,Basic,7.9,31,29.41,0,0,0
CUST-00418,South,Standard,18.1,36,45.41,1,0,0
CUST-00419,East,Standard,12.6,49,56.99,0,1,0
CUST-00420,East,Basic,24.6,46,24.31,1,0,0
CUST-00421,East,Premium,37.5,37,113.65,2,0,0
CUST-00422,East,Basic,2.0,59,25.56,1,1,0
CUST-00423,West,Standard,24.4,48,51.69,2,0,0
CUST-00424,West,Basic,65.4,60,23.49,0,1,0
CUST-00425,East,Basic,15.3,28,32.4,1,0,0
CUST-00426,West,Basic,3.2,57,21.17,1,1,0
CUST-00427,West,Premium,1.0,71,101.45,2,0,0
CUST-00428,East,Premium,5.9,54,112.52,1,0,0
CUST-00429,West,Basic,21.6,29,24.15,1,1,0
CUST-00430,North,Standard,13.3,53,44.37,3,0,0
CUST-00431,East,Standard,1.7,31,61.0,0,0,0
CUST-00432,North,Premium,114.3,39,106.27,6,1,0
CUST-00433,North,Standard,24.1,31,51.06,0,0,0
CUST-00434,West,Basic,3.2,32,21.18,3,0,0
CUST-00435,West,Basic,1.0,48,24.03,1,1,0
CUST-00436,West,Premium,55.0,46,84.25,2,0,0
CUST-00437,North,Standard,2.4,28,60.74,2,1,0
CUST-00438,South,Standard,15.5,18,50.07,3,0,1
CUST-00439,East,Standard,28.9,26,60.1,2,0,0
CUST-00440,West,Standard,16.3,62,61.25,1,0,0
CUST-00441,South,Standard,18.7,37,56.3,3,1,0
CUST-00442,West,Standard,7.6,23,46.31,4,0,0
CUST-00443,East,Standard,5.1,43,59.26,3,0,0
CUST-00444,West,Standard,81.5,21,49.9,3,0,0
CUST-00445,East,Enterprise,11.4,71,516.68,0,0,0
CUST-00446,South,Basic,2.9,69,25.01,0,0,0
CUST-00447,South,Standard,14.0,69,49.92,3,1,0
CUST-00448,South,Standard,2.8,44,48.45,0,0,0
CUST-00449,East,Basic,1.4,18,20.52,1,1,0
CUST-00450,South,Standard,27.2,49,62.7,1,0,0
CUST-00451,South,Standard,2.0,65,47.98,2,0,0
CUST-00452,West,Standard,8.8,24,56.96,2,0,0
CUST-00453,West,Standard,13.2,54,40.26,1,0,0
CUST-00454,South,Premium,1.0,46,94.02,0,0,0
CUST-00455,South,Basic,22.0,60,25.74,3,0,0
CUST-00456,South,Standard,1.7,19,60.65,3,0,0
CUST-00457,East,Basic,23.6,26,20.26,4,0,0
CUST-00458,East,Basic,3.7,27,22.53,1,0,0
CUST-00459,South,Standard,43.9,37,51.86,0,1,0
CUST-00460,East,Enterprise,5.4,31,639.95,0,1,0
CUST-00461,North,Standard,24.9,18,48.26,2,0,0
CUST-00462,West,Premium,27.4,53,97.91,3,0,0
CUST-00463,North,Basic,26.6,68,24.14,3,1,0
CUST-00464,North,Enterprise,19.2,41,478.84,1,1,0
CUST-00465,West,Standard,19.0,67,48.3,4,0,0
CUST-00466,West,Premium,16.2,18,100.48,3,0,0
CUST-00467,East,Premium,39.1,66,127.86,4,0,0
CUST-00468,East,Premium,123.1,25,87.94,5,0,0
CUST-00469,South,Standard,21.6,40,46.1,1,0,0
CUST-00470,North,Premium,7.1,24,119.01,2,0,0
CUST-00471,East,Standard,16.1,40,47.93,1,0,0
CUST-00472,South,Standard,57.3,55,42.28,1,0,0
CUST-00473,North,Basic,30.1,69,25.09,2,1,0
CUST-00474,East,Premium,21.8,36,120.42,2,0,0
CUST-00475,North,Premium,11.7,42,107.76,3,1,0
CUST-00476,East,Basic,8.0,69,24.5,3,1,0
CUST-00477,South,Standard,29.5,22,54.11,5,0,1
CUST-00478,North,Premium,7.1,52,125.16,0,0,0
CUST-00479,South,Enterprise,1.0,24,478.15,1,0,0
CUST-00480,West,Standard,36.5,72,43.78,1,1,0
CUST-00481,West,Standard,24.0,72,52.61,1,0,0
CUST-00482,North,Standard,7.5,64,63.04,4,1,0
CUST-00483,East,Basic,37.2,33,26.08,0,0,0
CUST-00484,West,Premium,8.6,30,123.57,3,0,0
CUST-00485,North,Standard,6.3,68,47.65,0,0,1
CUST-00486,South,Basic,27.5,56,29.4,4,0,0
CUST-00487,East,Basic,49.5,71,23.84,3,0,0
CUST-00488,East,Standard,12.3,54,52.78,5,0,0
CUST-00489,East,Standard,50.7,41,43.48,2,1,0
CUST-00490,West,Basic,28.5,64,30.79,0,0,0
CUST-00491,West,Enterprise,6.0,51,492.28,1,0,0
CUST-00492,West,Standard,17.0,55,41.58,2,0,0
CUST-00493,South,Standard,40.8,54,60.51,2,0,0
CUST-00494,East,Standard,21.8,56,61.14,1,0,0
CUST-00495,South,Premium,2.7,60,125.75,2,1,0
CUST-00496,East,Enterprise,13.5,41,476.93,1,0,0
CUST-00497,North,Premium,60.0,33,91.63,2,1,0
CUST-00498,East,Standard,40.5,34,61.54,1,0,0
CUST-00499,West,Standard,104.0,57,46.99,4,0,0
CUST-00500,South,Enterprise,3.1,23,484.33,1,0,0
CUST-00501,North,Basic,5.0,74,23.64,3,0,0
CUST-00502,North,Enterprise,1.5,72,648.45,4,0,0
CUST-00503,North,Premium,1.0,38,107.23,0,0,0
CUST-00504,West,Basic,46.2,57,22.65,0,0,0
CUST-00505,North,Premium,94.9,70,94.21,1,0,0
CUST-00506,North,Standard,4.4,34,52.58,3,0,1
CUST-00507,South,Standard,1.0,43,45.25,3,0,1
CUST-00508,East,Standard,42.4,33,64.53,2,0,0
CUST-00509,North,Enterprise,59.9,20,606.49,6,0,0
CUST-00510,East,Basic,13.3,68,22.97,2,0,0
CUST-00511,West,Basic,15.2,67,25.91,2,1,0
CUST-00512,North,Standard,46.1,42,55.25,1,1,0
CUST-00513,South,Basic,58.0,19,24.97,2,0,0
CUST-00514,East,Premium,6.6,35,124.22,2,0,0
CUST-00515,South,Standard,34.2,48,40.1,3,0,0
CUST-00516,North,Premium,2.2,43,101.19,3,0,0
CUST-00517,East,Premium,40.1,20,101.68,5,0,0
CUST-00518,South,Basic,12.3,33,24.84,3,0,0
CUST-00519,North,Standard,15.9,74,52.07,4,0,0
CUST-00520,East,Premium,7.0,51,113.34,2,1,0
CUST-00521,South,Standard,3.6,19,43.83,6,0,1
CUST-00522,West,Basic,9.5,71,27.47,3,0,1
CUST-00523,West,Premium,4.8,20,88.27,3,1,1
CUST-00524,South,Standard,46.8,41,58.47,1,0,0
CUST-00525,North,Standard,41.4,34,43.03,2,0,0
CUST-00526,South,Standard,84.0,22,43.1,0,0,0
CUST-00527,South,Standard,1.0,29,52.24,2,1,0
CUST-00528,North,Basic,13.8,31,30.7,2,1,0
CUST-00529,South,Basic,31.0,55,20.46,3,0,0
CUST-00530,South,Basic,86.2,73,22.24,1,0,0
CUST-00531,West,Standard,44.8,59,44.87,2,0,0
CUST-00532,North,Basic,43.1,46,28.99,2,0,0
CUST-00533,East,Premium,10.2,35,96.62,1,0,0
CUST-00534,West,Enterprise,84.2,53,529.16,2,0,0
CUST-00535,North,Basic,4.5,29,31.56,0,0,0
CUST-00536,East,Standard,6.9,46,45.51,1,0,0
CUST-00537,East,Standard,47.3,29,41.99,3,0,0
CUST-00538,South,Premium,25.1,27,115.96,1,0,0
CUST-00539,East,Standard,8.5,32,44.6,2,0,1
CUST-00540,South,Standard,3.8,44,61.18,2,0,0
CUST-00541,West,Standard,1.0,43,60.42,1,0,0
CUST-00542,South,Premium,3.4,63,89.35,3,0,0
CUST-00543,North,Standard,61.7,68,45.12,2,0,0
CUST-00544,South,Enterprise,24.7,57,484.7,1,0,0
CUST-00545,West,Premium,18.8,74,96.31,3,0,0
CUST-00546,North,Basic,15.4,56,28.3,0,0,0
CUST-00547,East,Standard,1.0,55,59.89,0,0,0
CUST-00548,South,Enterprise,3.4,48,526.99,2,0,0
CUST-00549,South,Standard,30.3,44,51.42,3,1,0
CUST-00550,South,Basic,19.1,73,29.09,2,1,0
CUST-00551,South,Standard,16.8,54,61.45,1,1,0
CUST-00552,West,Standard,6.2,61,41.88,2,0,0
CUST-00553,North,Standard,7.1,44,64.59,0,1,0
CUST-00554,South,Basic,1.0,26,20.59,0,1,0
CUST-00555,West,Standard,8.2,67,40.26,4,0,0
CUST-00556,West,Standard,22.9,33,64.05,2,0,0
CUST-00557,East,Basic,7.9,50,32.48,0,0,0
CUST-00558,North,Standard,17.1,72,41.86,0,0,0
CUST-00559,East,Standard,7.2,66,62.74,0,0,0
CUST-00560,North,Basic,77.7,37,29.85,0,0,0
CUST-00561,East,Basic,48.4,71,26.73,2,0,0
CUST-00562,South,Standard,6.2,68,42.59,1,0,0
CUST-00563,West,Premium,1.0,18,97.35,3,0,0
CUST-00564,West,Basic,6.1,18,22.95,1,1,0
CUST-00565,West,Basic,29.5,56,30.91,1,0,0
CUST-00566,South,Basic,7.3,26,30.84,3,0,0
CUST-00567,West,Standard,9.3,60,44.33,1,0,0
CUST-00568,West,Basic,33.0,48,26.14,1,0,0
CUST-00569,South,Standard,20.6,34,46.04,3,0,1
CUST-00570,East,Premium,5.7,61,114.36,2,0,0
CUST-00571,North,Basic,15.9,34,27.75,1,0,0
CUST-00572,North,Standard,29.2,44,52.73,1,0,0
CUST-00573,South,Standard,30.3,52,46.67,4,0,0
CUST-00574,North,Premium,1.0,69,91.29,2,1,0
CUST-00575,West,Enterprise,57.7,56,646.84,2,0,0
CUST-00576,West,Standard,7.7,20,46.52,2,0,0
CUST-00577,South,Basic,14.3,62,23.88,1,0,0
CUST-00578,South,Basic,63.1,28,22.04,2,0,0
CUST-00579,South,Basic,16.6,66,28.08,2,0,1
CUST-00580,South,Basic,18.9,59,25.4,2,0,0
CUST-00581,East,Standard,7.5,22,56.24,3,1,1
CUST-00582,South,Basic,7.2,55,24.83,4,0,0
CUST-00583,North,Standard,15.0,73,46.98,1,0,0
CUST-00584,West,Enterprise,89.1,44,422.94,4,0,0
CUST-00585,East,Basic,2.4,61,27.41,5,1,0
CUST-00586,South,Enterprise,95.2,22,488.82,3,0,0
CUST-00587,East,Basic,21.9,69,28.95,6,1,0
CUST-00588,South,Standard,26.7,55,42.55,3,0,0
CUST-00589,South,Standard,2.3,43,58.83,2,0,0
CUST-00590,South,Basic,17.9,65,27.16,2,0,0
CUST-00591,North,Premium,23.6,45,115.78,3,0,0
CUST-00592,West,Standard,1.9,59,44.6,0,0,0
CUST-00593,East,Premium,29.2,40,120.46,3,1,0
CUST-00594,North,Enterprise,5.7,20,578.06,1,0,0
CUST-00595,North,Basic,34.1,45,22.78,2,0,0
CUST-00596,South,Premium,16.3,21,102.4,2,0,0
CUST-00597,East,Basic,59.2,24,30.98,2,0,0
CUST-00598,East,Standard,5.1,30,47.54,1,1,0
CUST-00599,North,Standard,38.1,68,43.26,1,1,0
CUST-00600,West,Premium,10.5,58,98.29,1,1,1
CUST-00601,North,Basic,13.5,48,21.76,2,1,0
CUST-00602,East,Basic,3.4,68,29.98,0,0,0
CUST-00603,South,Standard,13.5,72,41.96,1,0,0
CUST-00604,West,Basic,23.5,53,20.84,3,0,0
CUST-00605,North,Standard,23.7,74,42.39,4,1,0
CUST-00606,West,Basic,1.0,74,22.64,4,0,1
CUST-00607,West,Enterprise,4.3,20,425.04,2,1,0
CUST-00608,West,Standard,12.9,30,62.65,1,1,0
CUST-00609,East,Premium,37.1,49,104.84,4,0,0
CUST-00610,North,Standard,18.4,30,40.86,3,0,0
CUST-00611,East,Basic,57.8,35,21.8,0,1,0
CUST-00612,North,Basic,32.0,47,26.33,2,0,0
CUST-00613,West,Basic,1.0,57,27.9,2,0,0
CUST-00614,North,Premium,7.5,33,120.66,1,0,0
CUST-00615,West,Standard,7.2,30,40.73,1,0,1
CUST-00616,West,Premium,17.0,65,104.29,4,0,0
CUST-00617,North,Standard,6.8,23,60.79,3,0,0
CUST-00618,North,Enterprise,14.7,27,594.5,1,0,0
CUST-00619,East,Standard,17.5,59,64.61,2,1,0
CUST-00620,North,Standard,6.8,47,51.99,1,0,0
CUST-00621,East,Basic,12.5,41,24.87,2,0,0
CUST-00622,South,Basic,1.0,27,21.3,2,0,0
CUST-00623,South,Enterprise,25.2,42,407.88,0,0,0
CUST-00624,East,Basic,3.0,44,31.84,4,1,0
CUST-00625,West,Premium,5.4,39,128.41,2,0,0
CUST-00626,West,Basic,12.2,68,32.0,0,1,1
CUST-00627,East,Enterprise,26.3,38,485.42,5,0,0
CUST-00628,South,Premium,18.5,22,123.62,1,0,0
CUST-00629,North,Standard,7.0,64,42.99,2,0,0
CUST-00630,East,Standard,40.5,69,50.45,2,1,0
CUST-00631,West,Basic,30.6,67,27.79,2,0,0
CUST-00632,East,Premium,3.3,24,100.89,0,0,0
CUST-00633,North,Standard,46.0,32,52.65,5,0,0
CUST-00634,South,Standard,45.0,56,53.85,6,0,0
CUST-00635,West,Basic,36.2,47,23.84,0,0,0
CUST-00636,East,Standard,14.2,67,48.22,1,0,0
CUST-00637,East,Basic,26.2,55,25.24,3,0,1
CUST-00638,West,Basic,49.8,63,30.26,1,0,0
CUST-00639,East,Basic,3.2,41,31.8,4,0,0
CUST-00640,West,Basic,26.8,36,22.53,0,0,0
CUST-00641,West,Standard,31.2,36,43.78,1,0,0
CUST-00642,North,Basic,2.6,21,28.74,0,0,0
CUST-00643,South,Enterprise,32.4,28,595.79,1,0,0
CUST-00644,West,Standard,18.6,70,58.12,2,0,0
CUST-00645,East,Standard,61.6,49,46.22,1,0,0
CUST-00646,West,Basic,3.7,50,25.75,1,1,0
CUST-00647,North,Premium,20.3,19,95.94,1,0,0
CUST-00648,North,Premium,37.2,68,84.49,1,0,0
CUST-00649,West,Basic,24.4,41,23.04,2,0,0
CUST-00650,West,Standard,2.3,46,63.17,2,0,0
CUST-00651,East,Basic,64.4,50,30.04,1,0,0
CUST-00652,West,Premium,5.1,56,85.29,1,0,0
CUST-00653,South,Standard,58.2,20,52.53,2,0,0
CUST-00654,South,Standard,5.8,51,53.6,3,0,0
CUST-00655,North,Standard,4.6,33,48.19,0,0,1
CUST-00656,West,Standard,112.4,65,43.01,1,0,0
CUST-00657,East,Enterprise,2.5,57,624.88,6,0,0
CUST-00658,West,Standard,39.1,49,59.05,2,0,0
CUST-00659,West,Standard,3.7,52,64.11,4,0,0
CUST-00660,North,Premium,1.0,52,118.9,2,0,0
CUST-00661,West,Standard,17.8,69,58.21,1,0,0
CUST-00662,South,Basic,27.7,68,26.37,2,0,0
CUST-00663,South,Standard,1.3,66,64.47,1,0,1
CUST-00664,North,Standard,34.5,47,56.62,0,0,0
CUST-00665,West,Premium,48.6,46,129.0,2,0,0
CUST-00666,East,Enterprise,82.9,57,638.76,2,0,0
CUST-00667,East,Standard,7.1,44,55.8,1,0,0
CUST-00668,North,Standard,27.2,42,40.99,6,1,0
CUST-00669,East,Standard,32.6,54,60.83,3,0,0
CUST-00670,East,Premium,14.1,59,102.02,5,1,0
CUST-00671,South,Premium,5.6,29,89.48,0,0,0
CUST-00672,West,Premium,38.3,23,129.42,1,0,0
CUST-00673,North,Enterprise,34.9,49,523.22,1,0,0
CUST-00674,North,Standard,26.3,40,42.87,0,0,0
CUST-00675,North,Premium,1.0,56,87.2,3,0,1
CUST-00676,North,Basic,16.6,73,22.39,2,0,0
CUST-00677,East,Enterprise,7.5,37,575.58,2,0,0
CUST-00678,North,Standard,38.2,58,57.85,2,0,0
CUST-00679,East,Standard,23.4,36,64.26,0,0,0
CUST-00680,West,Basic,7.8,62,23.74,1,0,0
CUST-00681,South,Basic,6.0,34,32.04,3,0,0
CUST-00682,East,Basic,10.3,54,20.65,4,0,0
CUST-00683,West,Basic,6.1,28,25.9,5,1,0
CUST-00684,North,Basic,9.5,43,20.94,3,0,0
CUST-00685,West,Enterprise,7.5,24,644.82,2,0,0
CUST-00686,South,Standard,8.4,20,59.03,2,0,0
CUST-00687,North,Standard,4.9,72,56.91,2,0,0
CUST-00688,East,Standard,14.5,73,62.03,0,0,0
CUST-00689,South,Standard,20.2,42,56.55,4,0,0
CUST-00690,North,Standard,4.7,20,49.6,3,1,0
CUST-00691,East,Standard,21.8,37,45.31,2,0,0
CUST-00692,West,Basic,2.2,74,23.1,0,1,0
CUST-00693,North,Standard,16.7,68,47.64,5,1,0
CUST-00694,East,Standard,40.9,48,56.64,2,0,0
CUST-00695,North,Standard,33.9,20,55.05,1,0,0
CUST-00696,East,Basic,53.5,67,21.11,2,0,0
CUST-00697,South,Standard,3.5,28,53.99,2,0,0
CUST-00698,North,Enterprise,12.0,18,432.58,2,1,0
CUST-00699,West,Standard,7.0,43,41.09,3,0,0
CUST-00700,South,Basic,27.5,20,20.91,2,0,0
CUST-00701,East,Standard,10.5,59,47.37,3,0,0
CUST-00702,West,Standard,26.0,57,48.48,2,0,1
CUST-00703,North,Premium,6.7,33,94.56,1,0,0
CUST-00704,East,Basic,9.9,50,30.72,1,1,0
CUST-00705,North,Standard,29.6,30,40.1,2,0,0
CUST-00706,West,Standard,125.2,38,50.85,3,0,0
CUST-00707,North,Enterprise,4.6,23,543.08,2,0,0
CUST-00708,South,Premium,56.7,31,106.01,2,0,0
CUST-00709,North,Standard,39.5,55,58.42,2,0,0
CUST-00710,East,Standard,31.4,27,59.46,4,1,0
CUST-00711,East,Basic,7.1,40,23.91,0,0,1
CUST-00712,North,Basic,15.0,48,30.23,3,1,1
CUST-00713,East,Premium,17.1,18,91.78,6,1,0
CUST-00714,North,Basic,27.1,70,23.62,2,0,0
CUST-00715,South,Basic,26.6,60,32.1,2,1,0
CUST-00716,North,Standard,14.3,23,41.79,4,0,0
CUST-00717,South,Enterprise,24.1,43,456.54,3,0,0
CUST-00718,South,Basic,7.4,58,21.04,3,1,0
CUST-00719,West,Basic,35.0,58,20.94,2,0,0
CUST-00720,West,Standard,25.8,58,62.52,4,1,0
CUST-00721,South,Basic,5.3,45,27.86,3,0,0
CUST-00722,West,Basic,1.4,37,22.69,1,0,0
CUST-00723,East,Standard,65.4,65,44.3,4,0,0
CUST-00724,West,Standard,17.2,36,41.34,1,0,0
CUST-00725,West,Standard,21.6,31,56.83,0,0,0
CUST-00726,North,Basic,51.4,65,29.88,2,0,0
CUST-00727,East,Standard,8.3,60,52.72,4,0,0
CUST-00728,West,Standard,2.9,59,55.04,0,0,0
CUST-00729,South,Premium,42.2,71,86.62,3,0,0
CUST-00730,West,Basic,39.2,71,20.39,2,1,0
CUST-00731,East,Standard,58.2,66,60.52,2,0,0
CUST-00732,South,Standard,43.4,72,46.03,1,0,0
CUST-00733,North,Standard,48.2,26,62.56,0,0,0
CUST-00734,East,Standard,47.0,30,55.1,1,0,0
CUST-00735,North,Standard,8.0,37,55.9,4,0,0
CUST-00736,East,Standard,1.0,67,63.32,2,1,0
CUST-00737,West,Standard,63.8,40,46.82,3,0,0
CUST-00738,North,Basic,13.8,46,21.64,1,0,0
CUST-00739,North,Standard,13.6,21,64.32,2,0,0
CUST-00740,East,Basic,7.2,69,25.41,2,0,0
CUST-00741,South,Basic,2.3,69,29.45,1,0,0
CUST-00742,West,Standard,7.7,23,40.23,2,1,1
CUST-00743,North,Basic,51.2,56,29.05,1,0,0
CUST-00744,West,Standard,9.5,56,57.31,2,0,0
CUST-00745,South,Standard,1.8,66,51.97,1,0,0
CUST-00746,East,Premium,1.0,60,123.34,2,0,0
CUST-00747,West,Basic,65.1,52,27.83,2,0,0
CUST-00748,North,Basic,41.2,32,30.28,2,0,0
CUST-00749,South,Standard,28.8,26,55.28,1,0,0
CUST-00750,West,Premium,10.2,38,117.49,0,0,0
CUST-00751,West,Basic,16.7,34,32.27,0,0,0
CUST-00752,South,Standard,4.6,42,52.55,3,1,0
CUST-00753,East,Basic,34.9,25,23.31,3,0,0
CUST-00754,South,Standard,34.3,69,59.87,1,0,0
CUST-00755,North,Standard,20.0,74,42.53,0,0,0
CUST-00756,South,Standard,82.6,45,64.3,1,0,0
CUST-00757,North,Standard,1.1,26,62.19,1,0,0
CUST-00758,West,Enterprise,36.3,65,429.94,2,0,0
CUST-00759,North,Premium,46.1,18,121.66,3,0,0
CUST-00760,West,Premium,9.5,18,113.5,0,0,0
CUST-00761,North,Standard,15.9,64,62.39,0,0,0
CUST-00762,North,Basic,25.9,38,21.18,3,1,0
CUST-00763,North,Standard,18.9,25,63.75,3,1,0
CUST-00764,East,Premium,25.4,60,98.21,1,0,0
CUST-00765,West,Basic,58.8,20,28.92,2,0,0
CUST-00766,South,Basic,26.5,71,27.59,0,0,0
CUST-00767,North,Standard,12.4,32,41.7,1,0,0
CUST-00768,East,Basic,47.5,62,20.7,0,0,0
CUST-00769,West,Basic,77.6,28,31.8,2,0,0
CUST-00770,South,Standard,29.4,68,53.92,1,0,0
CUST-00771,North,Standard,4.6,43,44.93,4,0,0
CUST-00772,South,Standard,5.0,33,57.35,2,0,0
CUST-00773,North,Standard,6.9,24,42.23,1,0,0
CUST-00774,East,Standard,2.4,33,40.61,2,1,0
CUST-00775,East,Premium,40.2,34,124.75,2,0,0
CUST-00776,South,Standard,5.9,53,52.39,1,1,0
CUST-00777,South,Standard,8.7,69,53.59,1,1,0
CUST-00778,North,Standard,11.9,70,43.71,3,0,0
CUST-00779,North,Basic,13.6,61,30.54,2,1,0
CUST-00780,West,Standard,33.6,50,48.49,2,0,0
CUST-00781,East,Standard,7.5,41,52.43,0,0,0
CUST-00782,West,Standard,134.4,39,49.18,2,0,0
CUST-00783,East,Standard,9.8,46,48.4,1,0,0
CUST-00784,West,Basic,18.9,30,25.58,1,0,0
CUST-00785,South,Standard,13.1,22,63.95,4,1,0
CUST-00786,East,Standard,48.4,25,50.12,3,0,0
CUST-00787,South,Premium,19.8,25,121.85,1,0,0
CUST-00788,West,Basic,6.6,59,29.8,5,0,0
CUST-00789,West,Standard,7.6,38,42.98,1,0,0
CUST-00790,West,Standard,12.4,26,47.31,5,1,0
CUST-00791,East,Basic,20.4,73,28.27,2,0,0
CUST-00792,East,Premium,31.9,52,111.54,1,0,0
CUST-00793,West,Basic,31.7,51,24.59,1,0,1
CUST-00794,North,Standard,30.1,33,55.76,3,0,0
CUST-00795,South,Basic,41.8,50,20.93,2,0,0
CUST-00796,West,Basic,1.0,42,29.19,1,0,0
CUST-00797,West,Premium,45.2,33,124.04,3,0,0
CUST-00798,North,Standard,1.2,54,64.28,3,0,0
CUST-00799,East,Premium,13.9,67,85.63,1,0,0
CUST-00800,West,Premium,61.2,67,111.17,0,1,0
CUST-00801,South,Standard,7.3,39,57.23,1,0,0
CUST-00802,North,Basic,1.8,30,30.15,2,0,1
CUST-00803,West,Premium,44.3,22,105.02,1,0,0
CUST-00804,West,Standard,35.2,62,48.06,5,0,0
CUST-00805,North,Standard,19.5,20,42.34,3,0,1
CUST-00806,West,Basic,21.6,32,21.59,3,0,1
CUST-00807,North,Standard,28.5,56,40.78,4,0,0
CUST-00808,South,Basic,74.0,44,28.69,1,1,0
CUST-00809,North,Basic,20.1,19,21.75,0,0,0
CUST-00810,East,Standard,3.7,25,49.63,3,0,0
CUST-00811,North,Standard,3.4,48,47.53,2,0,0
CUST-00812,East,Basic,28.0,58,31.12,4,0,1
CUST-00813,North,Standard,66.1,74,64.56,4,0,0
CUST-00814,South,Enterprise,6.3,27,485.26,4,0,1
CUST-00815,West,Standard,10.0,39,52.51,2,0,0
CUST-00816,West,Basic,3.8,23,22.06,1,1,0
CUST-00817,West,Standard,2.9,54,64.77,1,0,0
CUST-00818,South,Standard,15.7,42,45.75,1,0,0
CUST-00819,East,Standard,11.5,56,57.88,3,0,0
CUST-00820,South,Basic,40.3,71,30.96,1,0,0
CUST-00821,South,Premium,20.2,30,83.36,4,1,1
CUST-00822,South,Standard,37.5,57,52.81,0,0,0
CUST-00823,East,Premium,12.6,48,89.91,0,0,0
CUST-00824,West,Basic,10.2,26,20.11,1,0,0
CUST-00825,East,Standard,25.5,69,45.61,2,1,0
CUST-00826,East,Standard,31.6,32,49.85,1,0,0
CUST-00827,West,Standard,16.2,45,62.41,3,0,0
CUST-00828,West,Standard,1.1,46,43.26,4,0,1
CUST-00829,North,Basic,27.4,40,25.91,1,0,0
CUST-00830,North,Standard,9.0,20,61.33,2,0,0
CUST-00831,East,Standard,7.3,72,42.83,3,0,0
CUST-00832,North,Basic,56.3,62,27.81,4,0,0
CUST-00833,West,Standard,26.6,45,64.99,2,0,0
CUST-00834,West,Basic,1.0,47,27.55,2,1,1
CUST-00835,North,Enterprise,10.4,26,589.37,2,0,0
CUST-00836,North,Standard,36.6,46,51.33,3,0,0
CUST-00837,North,Basic,5.6,21,23.65,3,0,1
CUST-00838,South,Basic,41.3,19,28.67,0,0,0
CUST-00839,East,Basic,27.1,72,23.76,3,0,0
CUST-00840,East,Standard,32.8,51,60.66,1,0,0
CUST-00841,East,Basic,2.8,38,21.24,2,0,0
CUST-00842,South,Basic,29.3,50,21.26,1,0,0
CUST-00843,North,Basic,77.4,29,28.16,2,0,0
CUST-00844,West,Basic,13.6,64,22.12,1,0,0
CUST-00845,South,Standard,13.7,51,57.89,0,0,0
CUST-00846,East,Premium,18.3,59,104.3,1,0,0
CUST-00847,East,Standard,72.2,48,61.26,1,0,0
CUST-00848,East,Basic,9.3,20,21.04,1,0,0
CUST-00849,West,Standard,1.2,21,62.77,2,0,0
CUST-00850,North,Premium,1.0,63,100.41,2,1,0
CUST-00851,South,Standard,3.0,58,40.72,1,1,0
CUST-00852,North,Standard,20.1,55,64.27,2,0,0
CUST-00853,East,Basic,3.1,59,25.03,0,0,0
CUST-00854,North,Standard,36.5,64,46.31,2,0,0
CUST-00855,North,Premium,11.7,60,113.89,2,0,0
CUST-00856,North,Basic,39.3,52,32.33,2,0,0
CUST-00857,West,Enterprise,5.3,60,410.08,0,1,0
CUST-00858,North,Enterprise,8.2,50,530.89,1,0,1
CUST-00859,North,Standard,3.1,43,49.44,2,0,1
CUST-00860,North,Standard,66.3,30,50.16,4,0,0
CUST-00861,West,Premium,31.6,65,105.33,2,0,0
CUST-00862,North,Basic,54.7,18,22.1,4,0,0
CUST-00863,South,Basic,14.0,70,28.78,2,0,0
CUST-00864,North,Standard,9.7,22,49.0,1,0,0
CUST-00865,West,Premium,5.5,53,100.64,3,0,1
CUST-00866,North,Premium,1.0,61,95.99,4,0,0
CUST-00867,North,Premium,25.1,27,105.49,2,0,0
CUST-00868,West,Standard,21.3,28,43.19,4,0,1
CUST-00869,East,Premium,42.6,57,114.91,1,0,0
CUST-00870,North,Basic,21.2,39,22.23,2,0,0
CUST-00871,North,Standard,12.1,40,49.54,0,0,0
CUST-00872,North,Basic,10.0,26,25.52,0,0,0
CUST-00873,West,Premium,15.0,23,101.43,0,0,0
CUST-00874,South,Basic,9.8,38,29.81,2,0,0
CUST-00875,West,Premium,1.0,24,84.9,4,0,0
CUST-00876,West,Standard,18.0,74,60.32,0,0,0
CUST-00877,East,Premium,14.2,45,123.15,1,0,0
CUST-00878,East,Standard,15.2,51,44.27,1,0,0
CUST-00879,North,Standard,45.9,47,54.06,3,0,0
CUST-00880,West,Premium,4.6,65,115.21,4,0,0
CUST-00881,East,Standard,5.6,24,50.6,0,1,0
CUST-00882,South,Enterprise,35.5,44,433.38,0,0,0
CUST-00883,West,Basic,20.4,31,27.88,3,0,1
CUST-00884,West,Basic,29.9,70,20.8,3,1,0
CUST-00885,South,Basic,5.6,58,26.79,2,0,0
CUST-00886,North,Basic,54.4,66,28.69,2,0,0
CUST-00887,West,Standard,78.6,48,58.97,3,0,0
CUST-00888,West,Basic,1.0,33,25.54,2,1,0
CUST-00889,East,Enterprise,1.0,30,427.6,1,1,0
CUST-00890,West,Basic,65.3,53,30.13,0,0,0
CUST-00891,North,Enterprise,124.0,38,434.82,0,0,0
CUST-00892,East,Enterprise,26.3,23,400.1,3,0,0
CUST-00893,East,Standard,7.0,74,52.08,1,1,0
CUST-00894,West,Standard,2.7,59,40.56,5,0,0
CUST-00895,East,Standard,3.5,21,63.9,3,0,0
CUST-00896,South,Premium,38.9,40,99.41,0,0,0
CUST-00897,East,Standard,12.5,61,54.08,1,0,0
CUST-00898,South,Enterprise,27.6,69,521.32,4,0,0
CUST-00899,South,Basic,47.4,38,23.35,2,0,0
CUST-00900,South,Basic,1.0,34,25.88,5,1,0
CUST-00901,East,Standard,18.1,26,49.17,1,0,0
CUST-00902,West,Premium,16.1,39,114.37,3,0,0
CUST-00903,North,Basic,72.1,29,29.49,2,0,0
CUST-00904,West,Standard,43.1,49,46.93,3,0,0
CUST-00905,South,Basic,39.7,20,31.84,3,0,0
CUST-00906,East,Standard,8.8,65,42.28,2,0,0
CUST-00907,East,Standard,14.3,69,45.09,2,0,1
CUST-00908,South,Standard,19.6,55,44.29,1,1,0
CUST-00909,East,Standard,1.0,72,48.14,1,0,0
CUST-00910,North,Premium,4.7,32,99.73,3,0,0
CUST-00911,North,Premium,1.0,45,105.95,4,0,0
CUST-00912,South,Basic,7.3,54,31.32,2,0,0
CUST-00913,East,Premium,32.6,36,122.26,4,0,0
CUST-00914,South,Premium,30.9,74,113.29,2,0,0
CUST-00915,East,Enterprise,7.9,31,497.77,0,1,0
CUST-00916,East,Standard,13.6,19,58.35,0,0,0
CUST-00917,South,Enterprise,29.5,61,449.12,1,0,0
CUST-00918,North,Standard,5.7,65,58.42,0,0,0
CUST-00919,North,Standard,1.7,54,43.18,1,0,0
CUST-00920,East,Standard,70.8,70,48.48,0,0,0
CUST-00921,South,Premium,9.2,70,112.94,2,0,0
CUST-00922,East,Premium,1.4,55,111.38,1,1,0
CUST-00923,South,Basic,34.7,61,23.23,4,0,1
CUST-00924,North,Basic,12.3,44,20.46,2,0,0
CUST-00925,South,Basic,23.7,23,21.59,0,0,0
CUST-00926,East,Standard,11.9,50,54.59,0,0,1
CUST-00927,West,Standard,8.9,30,54.61,1,0,0
CUST-00928,North,Premium,1.0,35,89.27,3,0,0
CUST-00929,North,Enterprise,13.9,25,453.57,0,0,0
CUST-00930,East,Premium,47.4,71,121.21,2,0,0
CUST-00931,East,Premium,6.1,67,80.22,1,1,0
CUST-00932,South,Basic,21.1,59,31.73,3,1,0
CUST-00933,South,Basic,12.1,44,32.26,1,1,0
CUST-00934,East,Basic,68.9,74,21.98,1,0,0
CUST-00935,West,Standard,2.8,55,64.66,3,1,0
CUST-00936,East,Premium,14.1,36,85.52,5,0,0
CUST-00937,South,Basic,13.1,56,22.14,3,0,0
CUST-00938,South,Standard,11.9,52,47.86,2,0,0
CUST-00939,East,Basic,12.2,40,20.07,2,0,0
CUST-00940,East,Premium,7.4,48,111.92,5,0,0
CUST-00941,East,Standard,12.0,46,50.74,2,0,0
CUST-00942,West,Standard,24.3,28,55.3,4,0,0
CUST-00943,East,Standard,23.5,29,63.79,3,1,0
CUST-00944,East,Premium,19.7,65,95.06,3,0,0
CUST-00945,North,Basic,1.9,23,30.16,0,0,0
CUST-00946,West,Standard,8.8,59,61.81,3,1,0
CUST-00947,North,Standard,1.0,59,57.99,0,0,0
CUST-00948,North,Basic,9.1,39,25.31,3,0,0
CUST-00949,West,Standard,2.8,71,47.88,3,1,0
CUST-00950,West,Premium,35.8,45,116.85,2,0,0
CUST-00951,West,Basic,17.3,60,26.46,4,1,0
CUST-00952,South,Standard,33.8,62,43.46,2,0,0
CUST-00953,North,Standard,29.1,64,43.0,4,0,0
CUST-00954,North,Basic,10.4,41,21.81,2,0,0
CUST-00955,East,Standard,9.5,65,54.06,3,0,0
CUST-00956,West,Enterprise,53.6,28,503.95,3,0,0
CUST-00957,South,Premium,19.3,43,103.75,4,1,0
CUST-00958,East,Standard,17.0,54,50.23,3,0,0
CUST-00959,North,Enterprise,22.3,66,460.02,1,0,0
CUST-00960,North,Standard,7.8,60,48.71,0,0,0
CUST-00961,North,Premium,23.3,37,89.99,2,1,0
CUST-00962,South,Basic,27.1,51,25.74,2,0,0
CUST-00963,South,Standard,44.5,74,60.93,0,0,0
CUST-00964,East,Standard,69.9,24,43.15,3,0,0
CUST-00965,South,Basic,19.4,50,20.8,1,0,0
CUST-00966,West,Premium,3.3,59,109.46,2,0,0
CUST-00967,West,Standard,32.0,59,42.46,2,0,0
CUST-00968,East,Standard,3.2,61,48.37,5,0,1
CUST-00969,South,Basic,24.1,48,30.96,2,0,0
CUST-00970,South,Basic,35.5,20,24.13,2,0,0
CUST-00971,South,Basic,27.2,24,28.3,2,0,0
CUST-00972,North,Basic,13.0,55,30.32,5,0,0
CUST-00973,West,Standard,20.5,33,63.72,4,0,0
CUST-00974,West,Standard,33.1,49,59.14,3,0,0
CUST-00975,East,Enterprise,22.1,60,601.25,3,0,0
CUST-00976,South,Basic,68.5,23,30.54,2,0,0
CUST-00977,East,Basic,11.1,46,27.91,3,0,0
CUST-00978,West,Basic,154.8,53,31.0,1,0,0
CUST-00979,North,Premium,8.4,70,119.41,2,0,0
CUST-00980,West,Standard,5.2,36,60.07,2,0,0
CUST-00981,West,Basic,36.1,32,23.08,3,1,0
CUST-00982,East,Standard,18.4,69,61.98,3,0,0
CUST-00983,North,Standard,8.1,44,53.49,0,0,0
CUST-00984,North,Premium,1.0,48,88.36,1,0,0
CUST-00985,East,Basic,26.7,66,20.74,3,1,0
CUST-00986,North,Basic,23.0,49,25.02,4,0,0
CUST-00987,North,Premium,8.2,34,93.15,2,1,0
CUST-00988,South,Premium,1.7,37,80.71,2,1,0
CUST-00989,West,Basic,13.8,73,30.74,1,0,0
CUST-00990,South,Standard,1.0,18,51.17,1,0,0
CUST-00991,South,Premium,9.1,54,114.49,4,0,0
CUST-00992,North,Basic,8.3,27,20.1,1,1,1
CUST-00993,South,Standard,24.4,37,41.08,1,0,0
CUST-00994,South,Standard,75.0,38,55.39,0,0,0
CUST-00995,East,Enterprise,4.7,31,552.25,1,0,0
CUST-00996,North,Standard,23.5,28,46.07,2,0,0
CUST-00997,West,Premium,8.0,43,103.03,1,0,0
CUST-00998,North,Enterprise,10.8,52,456.42,0,0,0
CUST-00999,East,Basic,1.7,53,24.32,2,1,0
CUST-01000,North,Standard,74.1,64,57.6,1,0,0
CUST-01001,East,Basic,17.0,67,27.34,1,0,0
CUST-01002,South,Standard,23.3,43,61.08,2,0,0
CUST-01003,East,Standard,30.0,64,58.57,0,0,0
CUST-01004,East,Basic,3.5,35,25.26,0,0,0
CUST-01005,West,Standard,14.2,23,58.47,1,0,0
CUST-01006,South,Basic,12.2,26,26.5,2,0,0
CUST-01007,North,Basic,4.0,25,28.75,2,0,0
CUST-01008,East,Enterprise,30.8,56,505.77,1,0,0
CUST-01009,East,Premium,13.4,34,82.38,1,0,0
CUST-01010,East,Basic,5.3,20,31.48,3,0,1
CUST-01011,East,Basic,12.9,52,26.63,1,0,0
CUST-01012,North,Basic,17.6,43,24.67,4,0,0
CUST-01013,East,Basic,1.4,61,22.74,4,1,0
CUST-01014,East,Enterprise,1.7,24,519.12,2,0,0
CUST-01015,West,Standard,12.8,64,49.58,4,0,0
CUST-01016,North,Premium,18.2,57,90.34,1,0,0
CUST-01017,East,Enterprise,68.2,63,488.11,1,0,0
CUST-01018,North,Standard,16.6,38,58.35,0,0,0
CUST-01019,North,Standard,36.2,25,43.46,3,0,0
CUST-01020,East,Standard,36.7,23,50.71,3,0,0
CUST-01021,South,Standard,42.8,59,48.73,5,0,0
CUST-01022,West,Basic,2.0,34,22.47,2,0,0
CUST-01023,West,Basic,24.1,23,29.44,1,0,0
CUST-01024,North,Standard,18.3,35,53.44,3,0,0
CUST-01025,West,Standard,35.1,53,56.18,0,1,0
CUST-01026,West,Standard,1.0,26,52.85,4,0,1
CUST-01027,North,Standard,19.7,27,47.62,2,0,0
CUST-01028,North,Basic,8.3,54,28.71,2,0,0
CUST-01029,West,Standard,5.3,36,64.5,3,1,0
CUST-01030,East,Standard,59.6,53,40.37,3,0,0
CUST-01031,South,Premium,2.9,18,120.76,0,0,1
CUST-01032,North,Enterprise,18.0,29,543.49,2,0,0
CUST-01033,North,Premium,17.7,58,113.28,4,0,0
CUST-01034,North,Premium,20.8,39,109.95,0,1,0
CUST-01035,East,Standard,13.2,51,54.07,3,0,0
CUST-01036,East,Basic,5.4,73,30.15,2,0,0
CUST-01037,West,Basic,1.0,64,25.92,2,0,0
CUST-01038,East,Standard,11.1,40,62.7,0,0,0
CUST-01039,West,Basic,5.7,32,25.42,3,0,1
CUST-01040,South,Enterprise,43.3,48,477.83,6,1,0
CUST-01041,East,Basic,2.0,41,28.27,1,0,0
CUST-01042,East,Standard,17.2,43,53.26,2,0,0
CUST-01043,West,Premium,91.2,35,108.53,2,0,0
CUST-01044,North,Premium,3.5,28,108.39,5,0,0
CUST-01045,North,Standard,26.3,71,62.75,3,1,0
CUST-01046,South,Standard,15.3,46,62.65,1,0,0
CUST-01047,South,Standard,32.6,67,44.4,3,0,0
CUST-01048,West,Premium,31.3,25,104.49,0,0,0
CUST-01049,East,Standard,81.2,27,44.43,0,0,1
CUST-01050,East,Basic,58.4,40,27.24,1,0,0
CUST-01051,East,Enterprise,76.9,36,623.41,2,0,0
CUST-01052,North,Standard,34.7,63,45.8,0,0,0
CUST-01053,West,Standard,56.2,54,52.8,1,0,0
CUST-01054,West,Standard,31.2,72,54.58,1,0,0
CUST-01055,West,Standard,53.9,36,64.76,1,0,0
CUST-01056,East,Standard,20.7,64,64.46,3,1,0
CUST-01057,East,Standard,34.0,34,56.26,1,0,0
CUST-01058,West,Standard,7.4,66,46.03,2,0,0
CUST-01059,East,Basic,7.3,58,28.44,3,1,0
CUST-01060,South,Standard,33.0,49,63.95,0,0,0
CUST-01061,East,Basic,47.4,73,30.47,0,0,0
CUST-01062,North,Basic,13.9,58,20.49,0,1,0
CUST-01063,East,Standard,1.0,71,62.88,2,0,0
CUST-01064,West,Premium,15.7,56,92.01,1,0,0
CUST-01065,North,Basic,55.6,74,25.69,4,0,0
CUST-01066,South,Premium,14.9,68,91.37,3,0,0
CUST-01067,South,Standard,12.7,27,49.7,2,0,0
CUST-01068,North,Basic,23.9,65,26.5,1,0,0
CUST-01069,West,Standard,6.7,67,53.03,1,0,0
CUST-01070,North,Premium,4.4,41,103.9,7,1,0
CUST-01071,South,Basic,6.5,46,23.25,0,0,0
CUST-01072,West,Basic,7.3,69,24.78,4,1,0
CUST-01073,North,Standard,7.7,48,51.89,1,0,0
CUST-01074,West,Enterprise,1.0,67,480.61,4,0,0
CUST-01075,North,Basic,8.7,33,28.36,2,0,0
CUST-01076,South,Standard,11.6,59,59.48,2,0,1
CUST-01077,East,Premium,21.1,32,102.79,4,0,0
CUST-01078,North,Standard,51.5,29,48.85,3,0,0
CUST-01079,West,Basic,11.0,19,28.92,0,1,1
CUST-01080,East,Standard,8.5,66,63.84,0,0,0
CUST-01081,South,Basic,29.3,40,25.28,2,0,0
CUST-01082,North,Premium,8.6,69,123.62,2,0,0
CUST-01083,West,Basic,13.0,37,23.59,3,0,0
CUST-01084,West,Basic,1.0,48,26.09,2,0,0
CUST-01085,North,Premium,11.4,55,87.84,2,0,0
CUST-01086,South,Standard,10.2,53,55.04,3,0,0
CUST-01087,South,Basic,17.3,43,29.94,0,0,0
CUST-01088,South,Standard,1.0,65,43.26,6,1,0
CUST-01089,East,Standard,16.8,49,47.17,4,0,0
CUST-01090,North,Basic,48.1,56,29.82,1,0,0
CUST-01091,East,Basic,13.0,44,26.7,1,0,0
CUST-01092,South,Standard,33.0,56,42.59,1,1,0
CUST-01093,South,Enterprise,10.8,41,497.16,1,0,0
CUST-01094,East,Standard,4.0,47,57.9,2,0,0
CUST-01095,West,Premium,56.0,47,94.49,1,0,0
CUST-01096,South,Standard,1.0,25,62.79,1,0,0
CUST-01097,West,Standard,20.4,64,61.01,2,0,0
CUST-01098,South,Enterprise,31.8,50,573.67,2,0,1
CUST-01099,West,Standard,9.3,59,40.64,3,0,0
CUST-01100,South,Standard,37.4,21,40.66,3,0,0
CUST-01101,East,Basic,3.1,43,22.09,3,0,0
CUST-01102,North,Enterprise,21.9,44,618.39,3,1,0
CUST-01103,North,Premium,34.1,32,99.91,2,1,0
CUST-01104,East,Premium,41.9,65,116.9,5,0,0
CUST-01105,South,Standard,21.0,56,41.83,2,0,0
CUST-01106,North,Basic,67.9,39,20.58,5,0,0
CUST-01107,South,Enterprise,55.5,73,563.2,2,0,0
CUST-01108,North,Standard,15.6,61,41.88,2,0,0
CUST-01109,South,Basic,47.1,39,26.85,1,0,0
CUST-01110,North,Standard,58.1,32,63.08,2,0,0
CUST-01111,West,Basic,64.0,54,24.87,3,0,0
CUST-01112,South,Standard,55.9,32,49.92,2,0,0
CUST-01113,East,Standard,8.7,19,49.1,4,0,0
CUST-01114,South,Enterprise,5.8,35,571.88,3,0,0
CUST-01115,West,Standard,22.0,69,53.52,3,0,0
CUST-01116,East,Standard,25.3,27,46.13,1,0,0
CUST-01117,North,Basic,1.0,24,25.46,4,1,1
CUST-01118,West,Basic,11.8,25,20.89,3,0,0
CUST-01119,West,Premium,82.5,45,117.23,0,0,0
CUST-01120,North,Basic,1.6,22,30.41,2,0,0
CUST-01121,East,Basic,54.8,73,20.47,1,1,0
CUST-01122,East,Basic,17.1,27,23.35,2,0,0
CUST-01123,East,Basic,22.2,40,27.63,1,0,0
CUST-01124,North,Basic,4.3,37,20.56,1,0,1
CUST-01125,West,Basic,17.4,39,29.03,2,0,1
CUST-01126,South,Standard,1.1,63,41.2,2,0,0
CUST-01127,East,Standard,15.8,49,51.81,2,0,1
CUST-01128,South,Premium,37.9,59,104.69,2,0,0
CUST-01129,East,Basic,54.7,27,24.31,3,0,0
CUST-01130,South,Standard,34.6,66,56.12,3,0,0
CUST-01131,North,Standard,18.6,69,56.11,1,0,0
CUST-01132,East,Premium,28.9,25,116.1,1,0,0
CUST-01133,West,Standard,17.0,58,63.12,2,1,0
CUST-01134,South,Standard,81.4,64,54.17,2,0,0
CUST-01135,East,Standard,2.5,33,54.69,2,0,0
CUST-01136,East,Premium,7.9,28,85.23,3,0,0
CUST-01137,East,Standard,40.7,35,40.97,3,0,0
CUST-01138,South,Enterprise,8.7,36,608.38,2,0,0
CUST-01139,South,Basic,21.6,68,20.69,2,0,1
CUST-01140,West,Standard,22.7,50,47.57,1,0,0
CUST-01141,East,Standard,37.7,21,55.22,2,0,0
CUST-01142,North,Standard,5.4,35,55.5,1,1,0
CUST-01143,South,Enterprise,27.2,48,406.34,2,0,0
CUST-01144,West,Premium,11.1,25,109.23,2,0,0
CUST-01145,South,Basic,6.7,26,23.89,1,0,1
CUST-01146,West,Basic,192.6,45,23.26,1,1,0
CUST-01147,West,Basic,12.6,51,30.66,2,0,0
CUST-01148,North,Basic,20.6,72,29.02,1,0,0
CUST-01149,West,Basic,53.8,69,23.96,2,0,0
CUST-01150,South,Standard,56.8,48,41.08,5,0,0
CUST-01151,West,Standard,7.1,23,54.7,3,0,1
CUST-01152,West,Standard,121.4,60,52.82,4,0,0
CUST-01153,South,Enterprise,29.1,48,566.46,0,0,0
CUST-01154,West,Standard,2.4,24,40.39,1,0,0
CUST-01155,West,Enterprise,22.5,61,631.04,5,0,0
CUST-01156,South,Standard,4.4,35,58.74,2,0,0
CUST-01157,South,Basic,11.2,34,29.44,0,0,0
CUST-01158,North,Basic,1.2,38,23.76,1,0,0
CUST-01159,West,Standard,38.0,51,50.21,1,0,0
CUST-01160,South,Standard,23.1,40,51.0,2,0,0
CUST-01161,East,Premium,15.3,32,103.53,3,0,0
CUST-01162,West,Premium,10.8,23,95.93,2,0,0
CUST-01163,South,Premium,73.4,29,108.48,5,0,0
CUST-01164,East,Basic,30.8,23,28.04,4,0,0
CUST-01165,South,Standard,7.1,43,57.2,4,1,0
CUST-01166,South,Standard,47.6,24,60.31,1,0,0
CUST-01167,East,Basic,33.9,67,28.28,2,0,0
CUST-01168,South,Standard,1.5,38,41.62,3,1,0
CUST-01169,East,Standard,7.9,33,56.05,0,0,0
CUST-01170,West,Standard,26.7,25,45.94,5,1,0
CUST-01171,North,Standard,32.3,22,52.2,2,0,0
CUST-01172,West,Enterprise,36.0,42,429.97,3,0,0
CUST-01173,South,Basic,1.3,67,25.37,1,0,0
CUST-01174,West,Standard,13.2,62,61.05,0,0,0
CUST-01175,South,Standard,43.2,62,44.67,3,0,0
CUST-01176,West,Basic,13.3,44,22.85,2,0,0
CUST-01177,West,Enterprise,20.8,56,482.13,1,0,0
CUST-01178,South,Basic,8.7,61,24.23,2,0,0
CUST-01179,West,Standard,34.2,33,54.08,0,0,0
CUST-01180,South,Standard,40.7,67,46.56,2,0,0
CUST-01181,West,Standard,13.9,39,45.64,2,0,0
CUST-01182,South,Premium,8.9,71,90.7,1,0,0
CUST-01183,North,Basic,74.0,25,32.35,3,1,0
CUST-01184,West,Premium,26.2,70,112.0,2,0,1
CUST-01185,East,Standard,3.9,34,60.92,0,0,0
CUST-01186,West,Premium,4.3,67,103.16,1,0,0
CUST-01187,West,Standard,30.5,28,49.08,2,0,0
CUST-01188,South,Basic,7.7,68,28.17,0,1,0
CUST-01189,West,Standard,1.0,59,50.72,2,0,0
CUST-01190,West,Standard,61.1,67,54.44,0,0,0
CUST-01191,South,Basic,51.5,29,22.85,1,0,0
CUST-01192,East,Basic,15.8,53,27.48,3,0,0
CUST-01193,South,Standard,3.3,43,57.2,2,0,0
CUST-01194,South,Premium,21.4,22,104.44,4,0,0
CUST-01195,North,Standard,20.8,52,58.95,2,0,0
CUST-01196,West,Standard,2.5,21,57.11,2,0,1
CUST-01197,West,Standard,52.3,51,48.31,1,0,0
CUST-01198,West,Standard,19.4,20,62.4,1,0,0
CUST-01199,East,Basic,12.2,57,28.1,1,0,0
CUST-01200,North,Standard,9.2,49,48.41,1,1,0
CUST-01201,North,Premium,1.4,20,87.72,2,0,0
CUST-01202,West,Standard,2.9,53,49.73,2,0,0
CUST-01203,South,Premium,15.8,70,114.47,2,0,0
CUST-01204,South,Basic,14.7,38,23.85,3,0,0
CUST-01205,North,Standard,9.8,60,40.09,2,1,0
CUST-01206,West,Premium,65.9,53,115.44,3,0,0
CUST-01207,East,Enterprise,5.4,27,420.92,1,0,0
CUST-01208,West,Standard,21.6,41,48.48,1,1,0
CUST-01209,South,Standard,1.1,21,53.71,2,0,0
CUST-01210,East,Standard,47.3,70,52.26,1,0,0
CUST-01211,North,Basic,2.8,59,20.05,1,0,0
CUST-01212,South,Basic,8.1,20,31.3,0,0,0
CUST-01213,South,Standard,16.7,43,62.36,3,1,0
CUST-01214,East,Standard,55.2,25,51.99,3,0,0
CUST-01215,West,Basic,9.2,51,28.79,3,1,0
CUST-01216,West,Premium,38.5,49,81.25,2,0,0
CUST-01217,East,Basic,1.6,48,27.52,2,0,0
CUST-01218,East,Basic,1.9,73,31.06,1,0,0
CUST-01219,South,Standard,102.8,71,52.62,2,0,0
CUST-01220,East,Basic,7.0,36,27.26,0,1,0
CUST-01221,East,Enterprise,160.4,70,603.46,4,1,0
CUST-01222,East,Enterprise,1.9,31,484.18,1,0,0
CUST-01223,North,Standard,23.0,51,49.11,0,0,0
CUST-01224,East,Basic,40.2,55,20.73,3,0,0
CUST-01225,West,Basic,9.8,48,21.47,2,0,0
CUST-01226,East,Standard,9.7,30,63.74,4,0,0
CUST-01227,North,Standard,1.9,51,52.97,1,0,0
CUST-01228,North,Basic,87.5,70,22.41,1,0,0
CUST-01229,North,Standard,15.5,38,60.13,4,0,0
CUST-01230,South,Enterprise,1.0,38,401.4,0,0,0
CUST-01231,East,Premium,32.0,18,109.16,3,0,0
CUST-01232,North,Premium,48.7,25,101.59,2,1,0
CUST-01233,North,Basic,6.6,65,20.23,2,1,0
CUST-01234,North,Standard,88.8,45,57.8,0,0,0
CUST-01235,East,Basic,13.2,66,20.07,2,0,0
CUST-01236,South,Basic,12.1,34,23.63,3,0,1
CUST-01237,East,Premium,81.8,40,127.04,1,0,0
CUST-01238,East,Basic,33.9,53,21.16,3,0,0
CUST-01239,North,Basic,50.4,40,25.68,4,0,0
CUST-01240,North,Basic,1.0,49,25.43,2,0,1
CUST-01241,West,Enterprise,65.7,65,532.97,5,0,0
CUST-01242,West,Premium,15.7,50,119.47,0,1,0
CUST-01243,East,Standard,104.1,20,51.85,1,0,0
CUST-01244,West,Basic,3.6,69,26.13,1,1,0
CUST-01245,North,Basic,8.5,71,28.06,2,1,0
CUST-01246,North,Standard,15.7,60,57.3,0,1,0
CUST-01247,East,Standard,29.0,68,64.89,2,0,0
CUST-01248,East,Premium,23.0,35,129.46,5,1,0
CUST-01249,South,Premium,1.0,73,122.83,4,0,0
CUST-01250,West,Standard,29.2,27,52.11,0,0,0
CUST-01251,West,Enterprise,42.0,57,424.6,1,0,0
CUST-01252,North,Basic,44.6,20,30.58,6,0,0
CUST-01253,South,Premium,2.5,66,102.19,3,0,0
CUST-01254,South,Basic,28.5,38,23.44,1,0,0
CUST-01255,South,Standard,7.7,22,50.29,0,1,0
CUST-01256,West,Premium,12.5,24,80.23,3,0,1
CUST-01257,North,Premium,18.1,74,86.37,3,0,0
CUST-01258,North,Premium,7.3,26,83.63,2,0,0
CUST-01259,West,Enterprise,13.9,20,566.92,0,0,0
CUST-01260,South,Enterprise,1.0,61,535.97,2,0,0
CUST-01261,North,Standard,10.6,49,59.81,0,0,0
CUST-01262,West,Standard,6.3,64,56.02,4,0,0
CUST-01263,North,Standard,5.7,52,54.47,3,0,0
CUST-01264,South,Standard,12.9,68,46.15,4,0,1
CUST-01265,East,Standard,10.2,41,41.86,2,0,0
CUST-01266,South,Basic,3.5,72,29.26,2,0,1
CUST-01267,South,Basic,1.0,31,29.97,3,0,1
CUST-01268,North,Premium,7.5,24,124.78,1,0,0
CUST-01269,West,Premium,8.6,38,109.75,3,0,0
CUST-01270,South,Standard,7.6,27,45.8,3,0,0
CUST-01271,North,Standard,14.4,38,45.23,1,0,0
CUST-01272,East,Standard,13.2,24,43.45,2,1,0
CUST-01273,South,Basic,11.4,50,31.83,2,0,1
CUST-01274,South,Basic,2.6,56,30.99,0,0,0
CUST-01275,East,Basic,22.3,72,30.12,4,0,0
CUST-01276,East,Premium,1.5,22,109.66,2,0,0
CUST-01277,West,Basic,8.3,43,32.12,1,0,0
CUST-01278,West,Premium,65.2,49,118.81,2,0,0
CUST-01279,South,Basic,1.0,43,21.27,1,1,0
CUST-01280,South,Premium,15.9,25,103.33,2,0,0
CUST-01281,South,Basic,1.0,21,29.65,3,1,0
CUST-01282,West,Basic,2.9,23,21.03,1,0,0
CUST-01283,North,Standard,1.0,50,54.9,2,0,0
CUST-01284,South,Premium,2.5,69,102.32,0,0,0
CUST-01285,East,Standard,4.4,26,63.25,2,0,0
CUST-01286,East,Standard,16.1,32,58.22,3,0,0
CUST-01287,South,Premium,12.4,70,124.46,3,0,0
CUST-01288,North,Standard,8.8,64,55.64,2,0,0
CUST-01289,East,Standard,27.3,39,61.43,2,0,0
CUST-01290,West,Premium,81.2,38,87.02,1,0,0
CUST-01291,North,Enterprise,5.2,40,425.9,0,1,0
CUST-01292,East,Premium,12.6,51,119.66,1,0,0
CUST-01293,East,Standard,40.1,49,43.0,0,1,0
CUST-01294,West,Basic,19.0,51,26.71,2,1,0
CUST-01295,West,Standard,24.1,26,55.22,1,0,0
CUST-01296,West,Basic,12.1,38,27.1,2,0,0
CUST-01297,East,Basic,33.1,74,26.26,2,0,0
CUST-01298,West,Basic,27.6,60,21.5,1,0,0
CUST-01299,East,Basic,7.2,65,29.3,2,0,1
CUST-01300,North,Basic,85.0,22,21.53,2,0,0
CUST-01301,North,Premium,30.1,35,98.33,2,0,0
CUST-01302,West,Standard,21.6,28,56.3,1,0,1
CUST-01303,South,Standard,11.3,57,44.54,2,0,0
CUST-01304,North,Basic,17.0,29,20.53,3,0,0
CUST-01305,East,Standard,2.2,67,61.78,6,1,0
CUST-01306,West,Standard,5.7,46,61.48,3,1,0
CUST-01307,West,Standard,11.6,19,41.62,2,1,0
CUST-01308,West,Premium,5.6,51,84.7,3,0,0
CUST-01309,East,Standard,8.8,22,56.37,4,0,0
CUST-01310,West,Basic,17.4,56,32.36,1,0,0
CUST-01311,West,Standard,15.0,22,46.81,4,0,0
CUST-01312,South,Standard,12.4,53,54.5,2,1,0
CUST-01313,South,Enterprise,5.9,47,503.79,2,1,0
CUST-01314,South,Standard,2.9,37,55.33,4,0,0
CUST-01315,East,Enterprise,11.7,69,624.97,2,0,0
CUST-01316,South,Standard,16.8,46,48.62,0,0,0
CUST-01317,North,Premium,59.2,45,122.1,1,0,0
CUST-01318,East,Standard,6.4,68,55.97,2,1,0
CUST-01319,South,Standard,19.6,73,51.69,2,0,0
CUST-01320,East,Enterprise,36.0,44,467.5,0,0,0
CUST-01321,West,Standard,2.0,69,54.41,5,1,1
CUST-01322,South,Standard,2.0,36,52.25,0,1,0
CUST-01323,East,Basic,30.7,46,23.55,3,0,1
CUST-01324,North,Standard,2.1,62,57.33,2,0,0
CUST-01325,South,Basic,32.0,62,26.32,1,0,0
CUST-01326,South,Standard,64.4,23,60.9,2,1,0
CUST-01327,East,Basic,9.9,29,29.02,1,1,0
CUST-01328,North,Standard,52.5,23,53.03,2,0,0
CUST-01329,East,Premium,17.4,74,114.78,0,0,0
CUST-01330,South,Basic,31.7,33,23.24,2,0,0
CUST-01331,West,Standard,9.5,23,47.91,2,0,0
CUST-01332,North,Standard,2.1,29,54.01,0,0,0
CUST-01333,East,Enterprise,40.0,67,455.32,1,0,0
CUST-01334,East,Enterprise,64.1,68,458.26,5,0,0
CUST-01335,North,Basic,33.3,23,20.24,0,0,0
CUST-01336,West,Premium,37.8,70,98.67,2,0,0
CUST-01337,South,Standard,34.4,41,64.37,1,0,0
CUST-01338,East,Standard,41.2,71,51.7,1,0,0
CUST-01339,South,Standard,54.6,37,40.0,0,0,0
CUST-01340,East,Standard,28.2,51,47.32,2,0,0
CUST-01341,West,Standard,26.9,20,46.11,3,1,0
CUST-01342,West,Basic,15.4,70,23.59,2,1,0
CUST-01343,West,Enterprise,13.4,27,436.71,1,0,0
CUST-01344,North,Premium,1.0,23,110.02,0,0,0
CUST-01345,East,Standard,19.5,45,62.97,1,0,0
CUST-01346,East,Standard,3.9,65,53.57,2,0,0
CUST-01347,West,Standard,3.3,60,48.36,2,0,0
CUST-01348,South,Enterprise,17.6,68,434.93,3,0,0
CUST-01349,North,Standard,4.5,45,63.96,3,1,0
CUST-01350,West,Standard,16.1,19,41.8,1,0,0
CUST-01351,North,Standard,12.7,45,64.46,1,0,0
CUST-01352,West,Basic,52.2,40,30.76,1,0,0
CUST-01353,West,Standard,26.6,69,53.82,2,0,0
CUST-01354,South,Standard,1.4,32,57.03,3,0,0
CUST-01355,North,Basic,9.4,34,25.65,3,0,0
CUST-01356,North,Basic,8.1,45,28.82,2,1,0
CUST-01357,East,Standard,5.0,30,51.11,3,0,0
CUST-01358,West,Standard,151.7,65,64.41,0,0,0
CUST-01359,North,Standard,20.1,63,55.61,1,0,0
CUST-01360,South,Enterprise,29.6,18,558.16,0,0,0
CUST-01361,North,Basic,14.1,42,20.96,2,0,0
CUST-01362,East,Premium,2.8,50,99.18,4,0,1
CUST-01363,West,Standard,1.0,39,64.51,2,0,0
CUST-01364,East,Basic,76.7,74,29.54,2,0,0
CUST-01365,East,Standard,24.0,28,40.09,0,0,0
CUST-01366,South,Standard,10.7,55,47.49,1,0,0
CUST-01367,East,Standard,19.0,28,56.03,4,0,0
CUST-01368,East,Enterprise,12.6,20,544.81,0,0,0
CUST-01369,North,Premium,7.7,65,88.29,1,0,0
CUST-01370,West,Basic,11.5,25,28.43,2,0,0
CUST-01371,East,Premium,25.4,47,92.67,1,0,0
CUST-01372,South,Premium,10.6,67,128.44,2,0,0
CUST-01373,North,Enterprise,145.3,58,453.64,1,0,0
CUST-01374,West,Premium,11.3,59,121.78,0,0,0
CUST-01375,North,Basic,10.1,63,25.46,2,0,0
CUST-01376,North,Standard,1.1,19,62.79,2,0,0
CUST-01377,West,Premium,11.3,25,110.67,4,0,1
CUST-01378,West,Basic,11.6,44,21.4,5,1,1
CUST-01379,South,Basic,1.5,59,26.63,2,1,0
CUST-01380,North,Standard,39.1,64,49.89,1,0,0
CUST-01381,South,Standard,44.2,46,58.36,2,0,0
CUST-01382,North,Basic,5.0,22,30.61,5,1,0
CUST-01383,East,Premium,132.5,51,87.66,3,0,0
CUST-01384,North,Standard,6.0,60,43.71,2,1,0
CUST-01385,North,Standard,9.0,36,63.52,2,1,0
CUST-01386,North,Standard,7.8,73,57.9,0,0,1
CUST-01387,South,Premium,1.0,59,101.65,2,0,0
CUST-01388,East,Basic,9.9,19,29.07,2,0,0
CUST-01389,East,Standard,9.9,64,61.74,2,0,0
CUST-01390,North,Standard,5.2,51,57.92,2,0,0
CUST-01391,West,Basic,9.5,26,21.72,4,0,1
CUST-01392,South,Standard,14.2,37,53.94,3,1,0
CUST-01393,North,Standard,1.0,58,45.5,3,0,0
CUST-01394,East,Premium,23.0,63,115.2,1,1,0
CUST-01395,East,Premium,2.9,18,105.0,0,0,0
CUST-01396,West,Standard,27.5,58,56.84,2,0,0
CUST-01397,East,Premium,14.8,62,95.56,4,0,0
CUST-01398,South,Premium,1.1,58,120.49,3,1,0
CUST-01399,East,Standard,65.3,70,56.11,0,0,0
CUST-01400,West,Premium,8.5,44,103.93,2,0,0
CUST-01401,East,Basic,23.7,72,30.66,1,0,0
CUST-01402,East,Premium,84.1,46,127.02,2,1,0
CUST-01403,South,Premium,50.2,59,111.35,1,0,0
CUST-01404,West,Basic,4.7,27,29.63,2,1,0
CUST-01405,East,Standard,20.0,51,56.23,3,0,1
CUST-01406,North,Enterprise,14.8,70,527.76,2,0,0
CUST-01407,South,Premium,11.6,27,97.32,2,1,0
CUST-01408,South,Standard,11.9,50,49.7,2,0,0
CUST-01409,North,Standard,1.0,25,62.21,3,0,0
CUST-01410,West,Basic,13.1,56,28.81,2,0,1
CUST-01411,North,Premium,9.3,41,109.06,2,0,0
CUST-01412,East,Basic,9.7,41,26.29,2,1,0
CUST-01413,North,Enterprise,48.1,20,595.23,3,0,0
CUST-01414,North,Basic,14.1,26,20.42,5,0,1
CUST-01415,East,Standard,26.4,44,57.18,1,0,0
CUST-01416,North,Basic,17.1,44,25.84,2,0,0
CUST-01417,North,Premium,19.6,53,86.11,1,0,0
CUST-01418,South,Basic,83.6,70,25.76,1,0,0
CUST-01419,South,Standard,49.7,19,63.11,3,0,0
CUST-01420,South,Basic,29.2,50,22.71,2,0,0
CUST-01421,East,Basic,10.6,39,23.95,3,1,0
CUST-01422,South,Premium,22.7,68,106.34,2,0,0
CUST-01423,East,Basic,3.4,51,29.67,3,1,1
CUST-01424,West,Premium,86.3,48,123.96,2,0,0
CUST-01425,West,Basic,5.3,74,31.36,2,0,0
CUST-01426,South,Premium,8.5,68,96.3,0,0,0
CUST-01427,North,Standard,1.0,71,42.86,1,0,0
CUST-01428,West,Standard,22.6,57,62.32,2,0,0
CUST-01429,East,Premium,33.4,27,93.23,2,0,0
CUST-01430,South,Basic,10.5,61,28.04,3,1,0
CUST-01431,East,Enterprise,10.8,46,495.42,2,0,1
CUST-01432,North,Standard,18.6,43,47.12,2,1,0
CUST-01433,South,Enterprise,19.6,45,622.18,2,0,0
CUST-01434,East,Premium,4.7,73,80.03,3,0,0
CUST-01435,East,Standard,16.4,66,48.52,2,0,0
CUST-01436,East,Premium,7.4,32,92.35,3,0,0
CUST-01437,North,Basic,19.5,69,23.93,0,0,0
CUST-01438,North,Basic,70.6,63,25.21,2,1,0
CUST-01439,East,Basic,5.5,59,22.32,2,0,0
CUST-01440,North,Standard,25.5,49,55.96,3,0,0
CUST-01441,East,Premium,9.2,59,108.74,2,0,1
CUST-01442,South,Basic,91.3,73,23.53,2,0,0
CUST-01443,East,Premium,7.1,18,123.97,4,0,1
CUST-01444,South,Basic,7.3,50,30.24,3,0,0
CUST-01445,West,Basic,22.8,30,32.06,4,0,0
CUST-01446,West,Basic,12.1,70,25.4,2,0,0
CUST-01447,West,Standard,40.8,21,52.21,1,0,0
CUST-01448,West,Standard,21.9,73,53.44,1,0,1
CUST-01449,West,Standard,19.7,63,49.89,5,0,0
CUST-01450,North,Standard,3.4,57,51.41,1,1,0
CUST-01451,West,Basic,8.1,50,22.63,2,0,0
CUST-01452,West,Premium,7.0,57,113.49,2,0,0
CUST-01453,South,Standard,51.3,60,45.73,2,0,0
CUST-01454,North,Standard,26.2,25,46.34,2,0,0
CUST-01455,West,Premium,8.3,33,124.77,1,0,0
CUST-01456,South,Basic,2.5,67,27.73,4,0,1
CUST-01457,West,Basic,20.8,69,21.36,2,0,0
CUST-01458,North,Basic,10.1,32,21.79,1,1,1
CUST-01459,West,Standard,10.6,33,45.26,3,0,0
CUST-01460,West,Premium,6.7,51,84.67,1,0,0
CUST-01461,South,Standard,55.0,60,57.57,0,0,0
CUST-01462,North,Enterprise,32.5,58,561.65,1,0,0
CUST-01463,North,Premium,30.8,21,112.67,2,0,0
CUST-01464,East,Premium,25.2,59,109.98,1,0,0
CUST-01465,West,Basic,8.0,51,28.64,2,0,0
CUST-01466,North,Basic,7.5,70,30.78,3,0,1
CUST-01467,North,Standard,16.0,50,62.91,2,0,0
CUST-01468,West,Basic,35.5,59,21.3,4,0,0
CUST-01469,East,Standard,16.3,59,56.43,0,1,0
CUST-01470,South,Premium,52.6,74,108.72,2,0,0
CUST-01471,North,Basic,23.7,26,22.37,1,0,0
CUST-01472,North,Standard,11.6,62,53.72,1,0,0
CUST-01473,East,Basic,44.1,67,31.14,3,0,0
CUST-01474,North,Standard,7.7,19,55.18,0,0,0
CUST-01475,South,Standard,23.9,47,44.68,3,0,0
CUST-01476,South,Basic,18.7,45,30.12,2,0,0
CUST-01477,East,Enterprise,13.7,19,574.84,2,0,0
CUST-01478,East,Basic,40.8,31,23.78,2,0,0
CUST-01479,East,Basic,15.1,55,20.39,3,0,0
CUST-01480,East,Basic,25.7,21,29.45,2,0,0
CUST-01481,South,Basic,7.2,41,27.1,2,0,0
CUST-01482,East,Standard,8.2,43,51.64,1,0,0
CUST-01483,West,Standard,44.1,32,55.17,1,0,0
CUST-01484,East,Basic,16.5,68,31.81,0,0,0
CUST-01485,North,Premium,60.1,55,120.82,4,0,0
CUST-01486,South,Premium,10.2,47,117.62,4,1,0
CUST-01487,South,Premium,2.3,29,87.68,4,0,0
CUST-01488,West,Standard,14.7,63,50.1,1,0,1
CUST-01489,West,Premium,17.8,55,84.02,1,0,0
CUST-01490,West,Standard,17.5,56,53.49,1,1,0
CUST-01491,North,Premium,5.5,19,97.49,2,0,0
CUST-01492,South,Basic,70.8,23,25.42,1,1,0
CUST-01493,South,Enterprise,2.5,42,533.44,2,0,0
CUST-01494,West,Basic,2.8,65,25.92,2,0,1
CUST-01495,West,Standard,16.6,39,59.26,4,0,0
CUST-01496,North,Enterprise,1.0,58,566.9,2,0,0
CUST-01497,North,Premium,1.0,56,98.71,1,0,0
CUST-01498,East,Premium,1.1,68,112.49,0,0,0
CUST-01499,East,Basic,4.9,27,31.07,4,1,0
CUST-01500,West,Premium,1.0,30,87.42,0,0,0
CUST-01501,West,Premium,12.7,73,96.21,4,0,0
CUST-01502,West,Standard,1.0,25,51.44,1,1,0
CUST-01503,West,Basic,3.9,51,25.27,4,1,0
CUST-01504,South,Standard,14.1,36,63.8,3,0,0
CUST-01505,West,Enterprise,36.3,54,576.63,6,1,0
CUST-01506,East,Basic,3.9,41,27.46,5,0,1
CUST-01507,West,Basic,3.0,57,20.4,1,1,0
CUST-01508,North,Premium,18.1,70,101.62,0,1,0
CUST-01509,South,Premium,2.8,46,91.24,5,0,0
CUST-01510,East,Basic,11.5,61,28.84,0,0,0
CUST-01511,West,Premium,1.0,68,111.42,0,0,0
CUST-01512,South,Standard,39.1,68,50.61,1,0,0
CUST-01513,West,Standard,18.9,63,43.6,2,0,0
CUST-01514,South,Standard,24.2,35,59.25,3,0,0
CUST-01515,South,Enterprise,21.1,39,591.68,1,0,0
CUST-01516,East,Basic,39.3,54,23.28,1,0,1
CUST-01517,South,Basic,12.5,54,28.97,0,0,0
CUST-01518,South,Basic,6.7,44,28.95,2,0,0
CUST-01519,East,Enterprise,1.2,20,470.52,3,0,0
CUST-01520,West,Basic,1.6,69,24.93,1,0,0
CUST-01521,South,Premium,68.3,28,98.74,2,0,0
CUST-01522,East,Premium,13.9,34,83.0,2,0,0
CUST-01523,West,Standard,9.6,24,44.59,1,0,0
CUST-01524,East,Standard,25.5,21,62.8,5,1,0
CUST-01525,South,Premium,34.1,58,97.36,1,0,0
CUST-01526,South,Standard,34.8,65,53.31,2,0,0
CUST-01527,North,Basic,15.8,31,25.78,2,0,0
CUST-01528,East,Basic,31.8,62,31.64,3,1,0
CUST-01529,North,Basic,8.6,74,21.11,4,0,0
CUST-01530,South,Premium,27.1,69,97.56,0,0,0
CUST-01531,West,Standard,21.3,46,49.23,3,0,0
CUST-01532,North,Premium,36.3,40,108.73,2,0,0
CUST-01533,North,Premium,1.0,51,98.77,5,1,0
CUST-01534,North,Standard,55.0,62,60.9,2,0,0
CUST-01535,West,Standard,18.4,23,50.12,1,0,0
CUST-01536,North,Premium,5.6,18,84.06,1,0,0
CUST-01537,North,Standard,1.0,59,57.92,0,0,0
CUST-01538,South,Premium,74.0,19,127.89,1,0,0
CUST-01539,East,Basic,8.0,24,22.55,2,0,0
CUST-01540,West,Standard,18.8,66,49.98,5,0,0
CUST-01541,North,Enterprise,37.8,22,553.37,0,0,0
CUST-01542,West,Premium,20.8,59,85.4,2,0,0
CUST-01543,North,Standard,38.7,49,62.2,4,0,0
CUST-01544,South,Standard,19.2,64,61.05,2,0,0
CUST-01545,North,Basic,42.1,43,29.05,0,0,0
CUST-01546,North,Standard,62.6,56,52.69,3,0,0
CUST-01547,South,Standard,91.6,74,46.63,0,0,0
CUST-01548,West,Enterprise,50.8,41,433.29,4,0,0
CUST-01549,East,Standard,5.0,72,60.92,1,0,0
CUST-01550,West,Premium,67.7,65,108.34,1,0,0
CUST-01551,South,Standard,2.5,28,52.53,2,0,0
CUST-01552,North,Standard,9.8,29,47.7,1,1,0
CUST-01553,East,Standard,39.1,66,51.27,2,0,0
CUST-01554,West,Premium,19.9,20,91.21,1,0,0
CUST-01555,West,Standard,107.7,64,41.68,4,0,0
CUST-01556,South,Premium,5.7,57,108.77,0,0,0
CUST-01557,North,Standard,12.9,36,59.08,0,0,0
CUST-01558,North,Premium,5.3,46,81.13,2,0,0
CUST-01559,East,Standard,13.1,32,42.14,2,0,0
CUST-01560,North,Standard,54.3,47,41.72,1,1,0
CUST-01561,North,Basic,1.9,60,28.15,0,0,0
CUST-01562,South,Standard,2.9,43,53.6,3,0,0
CUST-01563,East,Standard,32.2,64,54.41,0,0,0
CUST-01564,North,Basic,6.2,33,26.7,4,0,0
CUST-01565,East,Standard,6.6,72,45.03,0,0,0
CUST-01566,West,Basic,14.0,56,23.76,1,0,0
CUST-01567,East,Premium,52.8,36,120.58,2,0,0
CUST-01568,East,Basic,16.7,20,24.15,3,1,0
CUST-01569,North,Standard,18.9,54,49.02,1,0,0
CUST-01570,East,Standard,44.2,26,59.83,5,0,0
CUST-01571,East,Basic,1.3,71,24.96,1,1,0
CUST-01572,South,Premium,19.0,44,108.27,1,1,0
CUST-01573,West,Standard,48.5,50,57.77,4,0,0
CUST-01574,North,Standard,9.0,59,56.36,2,0,1
CUST-01575,West,Standard,39.5,25,42.15,0,0,0
CUST-01576,South,Standard,1.0,20,57.92,1,0,0
CUST-01577,South,Premium,35.9,38,82.62,1,1,0
CUST-01578,West,Basic,1.0,55,21.9,0,1,0
CUST-01579,East,Basic,23.1,66,24.57,2,0,0
CUST-01580,North,Basic,4.8,35,20.96,2,0,1
CUST-01581,North,Basic,39.5,23,25.59,2,1,0
CUST-01582,South,Basic,65.9,29,26.99,1,0,0
CUST-01583,North,Standard,48.3,20,53.15,0,0,0
CUST-01584,South,Basic,15.9,61,20.11,2,0,1
CUST-01585,East,Standard,1.0,21,51.03,1,0,0
CUST-01586,North,Premium,32.6,50,129.24,1,0,0
CUST-01587,North,Basic,7.5,28,29.87,0,1,0
CUST-01588,North,Standard,6.2,29,59.04,1,0,0
CUST-01589,West,Basic,16.8,64,25.38,3,0,0
CUST-01590,South,Basic,15.5,36,20.59,1,0,0
CUST-01591,North,Premium,8.7,24,126.32,0,0,0
CUST-01592,East,Standard,4.4,45,59.37,1,0,0
CUST-01593,East,Basic,19.3,38,20.92,1,0,0
CUST-01594,West,Enterprise,5.4,71,422.28,0,1,0
CUST-01595,North,Basic,22.9,72,29.55,0,1,0
CUST-01596,East,Premium,1.4,70,120.3,1,0,0
CUST-01597,West,Standard,12.5,26,63.98,0,1,0
CUST-01598,South,Premium,53.6,52,106.25,9,0,0
CUST-01599,East,Standard,1.6,74,46.52,2,0,0
CUST-01600,West,Standard,61.7,44,49.07,2,0,0
CUST-01601,West,Enterprise,9.2,42,445.65,2,1,0
CUST-01602,South,Premium,11.3,23,111.14,1,0,0
CUST-01603,East,Standard,12.0,50,53.41,5,0,0
CUST-01604,East,Standard,37.0,46,41.63,3,0,0
CUST-01605,West,Basic,19.0,65,31.64,1,0,0
CUST-01606,North,Basic,4.5,66,29.23,0,0,0
CUST-01607,South,Standard,11.1,53,62.31,1,0,0
CUST-01608,West,Standard,1.4,34,44.77,3,1,0
CUST-01609,South,Standard,9.9,52,46.82,0,0,0
CUST-01610,South,Standard,6.2,19,51.27,0,0,0
CUST-01611,East,Enterprise,18.2,61,631.75,1,0,0
CUST-01612,North,Basic,44.5,31,23.31,2,0,0
CUST-01613,West,Basic,43.6,33,28.2,3,0,0
CUST-01614,North,Premium,68.3,66,91.57,1,0,0
CUST-01615,West,Basic,39.7,64,23.57,1,0,0
CUST-01616,North,Basic,16.6,63,22.45,3,0,0
CUST-01617,East,Standard,51.5,47,40.52,0,0,0
CUST-01618,South,Basic,10.3,55,28.58,3,0,1
CUST-01619,West,Basic,22.9,20,31.0,0,0,0
CUST-01620,South,Standard,75.6,33,40.57,2,0,0
CUST-01621,South,Standard,9.0,27,40.28,2,0,0
CUST-01622,West,Basic,5.0,48,28.49,1,0,0
CUST-01623,South,Premium,24.4,72,98.31,4,0,0
CUST-01624,North,Premium,10.1,45,127.68,1,0,0
CUST-01625,East,Premium,40.5,26,96.52,4,0,0
CUST-01626,South,Basic,8.7,62,20.73,5,0,0
CUST-01627,South,Standard,4.9,73,42.63,2,0,0
CUST-01628,South,Premium,8.2,60,80.32,4,0,0
CUST-01629,East,Standard,2.2,61,59.72,1,1,0
CUST-01630,East,Enterprise,115.3,27,503.95,1,0,0
CUST-01631,East,Standard,6.7,19,46.06,1,0,0
CUST-01632,South,Premium,15.3,34,124.84,3,0,0
CUST-01633,South,Basic,17.4,42,31.93,2,0,0
CUST-01634,East,Enterprise,2.5,36,565.04,4,0,0
CUST-01635,South,Basic,12.1,34,20.16,1,0,1
CUST-01636,East,Standard,3.3,42,61.07,2,0,0
CUST-01637,West,Basic,5.7,73,21.63,5,0,0
CUST-01638,East,Standard,14.9,27,50.88,4,0,0
CUST-01639,West,Premium,2.8,21,103.24,3,0,1
CUST-01640,West,Premium,14.8,65,113.16,1,0,0
CUST-01641,East,Standard,7.6,42,40.65,2,0,0
CUST-01642,South,Enterprise,6.7,47,520.48,2,0,0
CUST-01643,East,Basic,23.4,24,20.69,2,0,0
CUST-01644,West,Standard,21.2,19,61.61,0,0,0
CUST-01645,North,Enterprise,15.0,30,632.51,0,0,0
CUST-01646,North,Standard,18.1,23,47.27,2,0,1
CUST-01647,East,Standard,1.8,65,45.28,2,0,0
CUST-01648,North,Enterprise,2.5,63,548.97,1,0,0
CUST-01649,West,Standard,29.5,68,59.19,0,0,0
CUST-01650,South,Premium,12.0,57,100.27,1,0,0
CUST-01651,East,Standard,1.0,48,63.73,1,0,0
CUST-01652,East,Standard,3.8,26,41.52,0,1,0
CUST-01653,West,Standard,11.6,63,43.83,5,0,0
CUST-01654,East,Premium,14.3,29,110.79,2,1,0
CUST-01655,West,Enterprise,25.0,53,560.69,0,0,0
CUST-01656,East,Basic,11.9,32,29.02,2,0,0
CUST-01657,East,Basic,65.6,74,21.96,1,0,0
CUST-01658,North,Standard,7.8,39,44.45,1,0,0
CUST-01659,North,Standard,21.0,70,41.34,3,0,0
CUST-01660,North,Basic,1.7,51,28.13,1,0,0
CUST-01661,East,Premium,4.8,53,116.54,1,0,0
CUST-01662,East,Enterprise,16.4,30,588.07,0,0,0
CUST-01663,East,Standard,8.5,20,58.05,1,0,0
CUST-01664,East,Basic,56.3,21,21.73,0,0,0
CUST-01665,South,Enterprise,12.0,61,547.03,2,0,0
CUST-01666,West,Standard,9.5,31,56.29,3,1,0
CUST-01667,North,Basic,16.8,18,22.26,2,0,0
CUST-01668,West,Basic,16.6,31,26.08,3,0,0
CUST-01669,North,Enterprise,11.1,25,455.32,1,0,0
CUST-01670,North,Basic,64.9,37,20.37,2,1,0
CUST-01671,North,Standard,23.2,54,63.2,1,1,0
CUST-01672,North,Premium,9.6,44,82.39,2,1,0
CUST-01673,West,Standard,20.0,51,61.94,1,0,0
CUST-01674,South,Standard,6.5,55,63.39,1,1,0
CUST-01675,South,Basic,70.0,43,29.5,2,0,0
CUST-01676,East,Basic,26.4,54,29.6,1,0,0
CUST-01677,East,Standard,1.0,61,57.52,3,1,0
CUST-01678,West,Premium,24.8,30,108.36,1,0,0
CUST-01679,East,Basic,17.2,47,27.15,1,0,0
CUST-01680,East,Enterprise,1.0,72,456.42,2,0,0
CUST-01681,West,Standard,46.7,36,48.38,2,0,0
CUST-01682,West,Enterprise,82.8,56,426.51,2,0,0
CUST-01683,East,Basic,7.1,41,25.75,2,0,0
CUST-01684,South,Premium,21.1,45,81.53,1,0,0
CUST-01685,North,Basic,28.5,28,27.09,5,0,0
CUST-01686,West,Standard,1.0,66,49.4,4,0,0
CUST-01687,East,Standard,5.9,29,64.12,2,0,1
CUST-01688,West,Basic,19.5,27,21.8,3,0,0
CUST-01689,East,Enterprise,40.9,73,535.42,2,0,0
CUST-01690,East,Standard,20.2,47,53.55,0,0,0
CUST-01691,South,Premium,1.1,25,115.04,1,0,0
CUST-01692,South,Standard,63.5,34,47.43,2,0,0
CUST-01693,East,Standard,52.7,71,57.95,1,0,0
CUST-01694,West,Standard,2.8,60,50.79,2,0,0
CUST-01695,West,Enterprise,15.6,55,612.42,2,0,0
CUST-01696,North,Enterprise,29.4,64,509.91,1,0,0
CUST-01697,East,Standard,22.5,32,40.33,2,0,0
CUST-01698,East,Standard,7.5,55,63.56,3,0,0
CUST-01699,West,Enterprise,14.3,23,620.94,2,0,0
CUST-01700,South,Basic,7.7,44,27.85,3,0,0
CUST-01701,West,Premium,6.2,71,107.94,1,0,0
CUST-01702,South,Standard,18.9,55,52.44,2,1,0
CUST-01703,West,Premium,47.2,23,108.74,1,0,0
CUST-01704,North,Standard,66.8,45,43.8,0,0,0
CUST-01705,East,Standard,2.8,43,55.97,3,0,0
CUST-01706,West,Standard,4.5,68,57.26,0,0,0
CUST-01707,North,Basic,1.3,71,20.18,1,0,0
CUST-01708,East,Standard,25.8,65,44.68,4,0,0
CUST-01709,West,Standard,37.4,19,42.07,5,0,0
CUST-01710,East,Premium,93.0,28,81.79,0,0,0
CUST-01711,West,Premium,7.2,34,84.86,2,0,0
CUST-01712,South,Basic,4.3,52,22.78,0,0,0
CUST-01713,West,Premium,44.9,36,92.18,1,0,0
CUST-01714,North,Standard,51.7,50,44.8,2,0,0
CUST-01715,West,Premium,1.0,74,107.9,1,0,0
CUST-01716,West,Premium,11.1,73,80.07,4,0,1
CUST-01717,East,Basic,2.0,39,26.33,2,0,0
CUST-01718,South,Basic,37.8,66,20.42,3,0,0
CUST-01719,North,Basic,9.6,68,25.17,1,1,0
CUST-01720,South,Standard,71.4,35,43.05,1,0,0
CUST-01721,East,Basic,10.5,27,20.22,1,0,0
CUST-01722,South,Standard,14.8,38,62.71,2,1,0
CUST-01723,South,Premium,18.1,30,89.96,3,0,0
CUST-01724,East,Standard,81.9,44,59.12,4,1,0
CUST-01725,North,Basic,18.5,18,27.46,3,0,0
CUST-01726,East,Premium,27.5,54,99.74,1,0,0
CUST-01727,West,Premium,46.8,29,97.31,3,0,0
CUST-01728,West,Standard,7.6,47,56.85,0,0,0
CUST-01729,East,Basic,1.7,54,27.27,3,1,0
CUST-01730,North,Basic,44.5,66,24.1,2,0,0
CUST-01731,South,Standard,25.0,67,43.75,1,1,0
CUST-01732,West,Standard,20.9,59,50.82,1,0,0
CUST-01733,South,Premium,22.7,63,83.14,4,0,0
CUST-01734,North,Standard,14.8,56,53.67,3,1,0
CUST-01735,West,Standard,19.4,30,53.06,4,0,0
CUST-01736,West,Standard,1.0,72,49.57,2,0,0
CUST-01737,East,Standard,17.4,59,41.37,1,0,0
CUST-01738,North,Enterprise,70.4,68,418.65,1,0,0
CUST-01739,West,Basic,1.0,32,31.29,4,1,0
CUST-01740,West,Premium,2.7,51,95.12,1,0,0
CUST-01741,West,Basic,6.1,66,24.68,2,1,0
CUST-01742,South,Premium,25.4,58,106.1,4,1,0
CUST-01743,North,Basic,12.9,59,26.9,2,0,0
CUST-01744,East,Basic,1.2,23,24.42,1,0,0
CUST-01745,South,Premium,7.1,20,125.17,3,0,0
CUST-01746,North,Standard,16.1,52,63.84,2,0,0
CUST-01747,East,Enterprise,4.4,39,523.32,4,0,0
CUST-01748,North,Standard,67.9,19,55.41,1,0,0
CUST-01749,North,Premium,43.3,68,112.17,1,0,0
CUST-01750,East,Standard,21.2,34,57.56,5,1,0
CUST-01751,East,Enterprise,30.5,21,467.22,1,0,0
CUST-01752,South,Premium,9.1,59,91.74,1,1,0
CUST-01753,West,Basic,8.2,42,20.69,1,0,1
CUST-01754,West,Enterprise,22.4,57,448.89,3,0,0
CUST-01755,South,Standard,28.3,28,47.85,3,0,1
CUST-01756,North,Premium,18.3,37,82.63,3,0,0
CUST-01757,West,Standard,17.5,60,44.93,0,1,0
CUST-01758,South,Basic,49.9,70,30.08,1,0,0
CUST-01759,North,Basic,86.3,62,29.08,3,0,0
CUST-01760,South,Premium,27.3,70,108.22,5,0,0
CUST-01761,South,Standard,11.8,40,57.59,1,0,0
CUST-01762,North,Standard,46.8,29,54.59,0,0,0
CUST-01763,South,Basic,3.7,56,20.96,2,1,0
CUST-01764,South,Standard,42.9,65,63.76,1,0,0
CUST-01765,West,Standard,21.1,66,50.17,3,1,0
CUST-01766,East,Enterprise,13.4,65,546.84,0,0,0
CUST-01767,East,Basic,20.4,55,29.03,0,0,0
CUST-01768,North,Premium,56.8,61,125.16,0,0,0
CUST-01769,West,Basic,51.9,34,24.7,1,0,0
CUST-01770,East,Enterprise,27.9,50,577.17,1,0,0
CUST-01771,West,Standard,52.2,73,60.33,1,0,0
CUST-01772,West,Basic,46.0,52,31.7,1,0,0
CUST-01773,West,Enterprise,34.6,46,547.75,3,0,0
CUST-01774,East,Standard,1.0,39,48.69,4,1,0
CUST-01775,East,Basic,91.8,66,32.08,1,0,0
CUST-01776,West,Standard,68.2,49,41.02,2,0,0
CUST-01777,East,Basic,31.8,65,31.22,3,0,0
CUST-01778,North,Basic,32.6,72,22.08,1,0,0
CUST-01779,East,Premium,1.0,51,127.4,0,0,0
CUST-01780,West,Standard,79.0,72,63.96,0,0,0
CUST-01781,West,Standard,4.3,56,55.52,0,0,0
CUST-01782,East,Standard,6.1,19,57.14,1,0,0
CUST-01783,South,Premium,28.6,41,106.36,0,0,0
CUST-01784,South,Standard,47.4,37,48.87,3,0,0
CUST-01785,West,Enterprise,1.8,52,425.97,0,1,0
CUST-01786,East,Enterprise,9.8,67,434.19,6,0,0
CUST-01787,East,Enterprise,38.3,50,644.48,3,0,0
CUST-01788,South,Standard,34.0,49,40.54,4,0,0
CUST-01789,South,Standard,45.2,64,40.54,1,0,0
CUST-01790,East,Standard,4.9,64,57.97,0,0,0
CUST-01791,West,Standard,3.5,58,44.02,3,0,1
CUST-01792,West,Standard,1.0,61,56.84,1,0,0
CUST-01793,East,Enterprise,33.0,69,400.11,0,1,0
CUST-01794,West,Premium,10.4,29,98.7,4,0,0
CUST-01795,West,Premium,7.1,45,121.09,0,0,0
CUST-01796,South,Standard,38.8,57,58.68,1,1,0
CUST-01797,West,Standard,10.4,69,55.38,1,1,0
CUST-01798,South,Basic,16.3,35,31.28,2,0,0
CUST-01799,South,Basic,18.0,23,32.43,1,0,0
CUST-01800,South,Standard,45.9,22,45.57,4,0,0
CUST-01801,East,Standard,76.4,57,51.01,1,0,0
CUST-01802,North,Basic,73.3,36,25.7,4,0,0
CUST-01803,South,Standard,24.1,36,64.12,1,0,0
CUST-01804,South,Premium,18.9,27,91.92,0,0,1
CUST-01805,East,Standard,9.0,67,49.32,1,0,0
CUST-01806,North,Enterprise,8.8,74,647.95,0,0,0
CUST-01807,East,Standard,14.7,46,50.12,1,0,0
CUST-01808,North,Basic,19.0,29,21.23,2,0,0
CUST-01809,West,Basic,23.4,24,29.39,1,0,0
CUST-01810,North,Basic,6.6,55,31.54,2,0,0
CUST-01811,East,Basic,21.0,30,29.11,3,0,0
CUST-01812,West,Basic,18.4,74,22.58,2,0,0
CUST-01813,West,Basic,14.4,55,25.33,3,0,0
CUST-01814,West,Premium,11.8,45,112.62,3,0,0
CUST-01815,North,Standard,44.4,50,49.06,1,0,0
CUST-01816,North,Basic,11.5,73,21.37,1,0,0
CUST-01817,South,Standard,104.3,25,51.17,3,0,0
CUST-01818,West,Standard,33.6,67,51.93,3,1,0
CUST-01819,South,Premium,12.1,54,109.77,4,0,0
CUST-01820,South,Standard,1.0,60,42.92,5,0,1
CUST-01821,South,Premium,5.9,48,129.48,0,0,0
CUST-01822,North,Premium,28.4,22,90.72,3,0,0
CUST-01823,East,Basic,18.7,69,21.94,1,0,0
CUST-01824,West,Standard,20.0,70,52.15,1,1,0
CUST-01825,North,Basic,31.7,18,22.55,1,0,0
CUST-01826,West,Standard,15.7,39,48.39,1,1,0
CUST-01827,North,Premium,5.9,61,103.8,3,0,0
CUST-01828,South,Enterprise,11.5,36,427.66,1,0,0
CUST-01829,East,Standard,16.6,42,47.3,1,0,0
CUST-01830,South,Basic,6.3,58,21.76,3,0,1
CUST-01831,North,Premium,31.5,63,81.13,1,0,0
CUST-01832,West,Enterprise,22.0,63,646.52,3,0,0
CUST-01833,East,Premium,15.7,40,91.49,0,0,0
CUST-01834,South,Standard,97.1,37,53.52,0,0,0
CUST-01835,West,Standard,1.6,63,56.06,2,1,0
CUST-01836,South,Enterprise,9.5,63,491.78,2,0,0
CUST-01837,North,Standard,52.9,69,48.31,4,0,0
CUST-01838,South,Premium,2.2,55,126.48,0,0,0
CUST-01839,South,Standard,15.7,35,55.87,5,0,0
CUST-01840,East,Standard,2.2,51,43.5,1,0,0
CUST-01841,West,Premium,18.7,66,86.94,2,0,0
CUST-01842,West,Basic,31.6,44,31.05,2,0,0
CUST-01843,West,Premium,3.6,50,127.61,1,0,0
CUST-01844,East,Basic,16.2,69,29.91,3,1,0
CUST-01845,East,Enterprise,7.0,43,410.25,5,0,0
CUST-01846,West,Basic,39.5,26,29.76,3,0,0
CUST-01847,North,Basic,1.7,47,27.12,3,0,0
CUST-01848,North,Enterprise,70.6,65,467.81,2,0,0
CUST-01849,North,Basic,43.7,55,30.61,1,0,0
CUST-01850,North,Premium,14.6,29,108.99,3,1,0
CUST-01851,West,Basic,6.0,37,21.36,0,0,0
CUST-01852,West,Standard,15.2,61,63.79,2,0,0
CUST-01853,South,Standard,3.3,36,40.41,1,0,0
CUST-01854,East,Standard,2.7,51,43.59,0,0,1
CUST-01855,North,Premium,8.0,42,108.39,2,1,0
CUST-01856,North,Enterprise,16.2,57,424.12,2,0,0
CUST-01857,North,Premium,27.4,59,115.56,1,0,0
CUST-01858,East,Basic,23.6,46,32.01,1,0,0
CUST-01859,West,Enterprise,28.8,66,575.64,2,0,0
CUST-01860,North,Standard,3.2,66,56.04,2,0,0
CUST-01861,South,Enterprise,31.9,38,620.0,0,0,0
CUST-01862,West,Standard,8.2,21,47.37,3,1,0
CUST-01863,South,Basic,10.0,38,22.07,1,0,0
CUST-01864,East,Basic,15.7,31,24.29,4,0,0
CUST-01865,North,Basic,56.1,71,32.33,1,0,0
CUST-01866,South,Standard,12.9,72,52.09,2,1,0
CUST-01867,East,Premium,44.2,33,88.53,1,0,0
CUST-01868,West,Premium,42.4,52,110.75,1,0,0
CUST-01869,East,Standard,18.1,18,48.76,5,1,0
CUST-01870,West,Basic,85.0,57,31.37,0,0,0
CUST-01871,South,Premium,85.4,59,111.56,0,0,0
CUST-01872,East,Basic,4.2,59,23.34,2,1,0
CUST-01873,North,Standard,23.7,21,60.39,2,0,0
CUST-01874,West,Basic,56.5,56,24.48,2,1,0
CUST-01875,South,Basic,1.3,39,22.74,1,0,0
CUST-01876,West,Premium,1.0,28,103.58,1,0,0
CUST-01877,West,Standard,14.9,53,45.92,1,0,0
CUST-01878,West,Standard,46.2,44,43.8,1,1,0
CUST-01879,East,Standard,1.1,58,51.92,0,1,0
CUST-01880,North,Standard,1.0,52,50.48,2,0,0
CUST-01881,East,Standard,17.9,59,48.1,0,0,0
CUST-01882,East,Enterprise,20.4,39,498.26,5,1,0
CUST-01883,South,Enterprise,75.0,18,515.73,1,0,0
CUST-01884,North,Basic,11.1,45,26.46,1,1,0
CUST-01885,West,Basic,9.4,34,22.08,0,0,0
CUST-01886,West,Standard,20.4,36,40.73,0,0,0
CUST-01887,East,Premium,2.7,34,98.59,3,0,0
CUST-01888,South,Basic,34.3,50,30.17,3,0,0
CUST-01889,South,Basic,7.6,53,25.42,3,0,0
CUST-01890,North,Basic,24.6,71,28.74,2,0,0
CUST-01891,North,Basic,2.0,36,29.05,2,0,0
CUST-01892,East,Basic,8.4,33,24.59,4,1,0
CUST-01893,East,Standard,1.0,68,57.92,2,0,0
CUST-01894,North,Standard,112.4,20,53.42,0,0,0
CUST-01895,West,Basic,54.5,42,25.95,3,0,0
CUST-01896,West,Premium,29.8,53,111.29,4,0,0
CUST-01897,East,Standard,51.2,29,63.91,2,0,0
CUST-01898,West,Enterprise,20.4,47,605.8,1,0,0
CUST-01899,South,Standard,14.0,28,46.12,1,0,0
CUST-01900,East,Premium,10.6,53,125.06,4,0,0
CUST-01901,South,Basic,27.2,67,23.53,2,0,0
CUST-01902,South,Premium,11.8,54,128.56,1,0,0
CUST-01903,East,Basic,72.3,42,23.93,1,0,0
CUST-01904,West,Premium,9.3,57,117.53,1,0,0
CUST-01905,West,Enterprise,14.8,44,505.98,7,0,0
CUST-01906,West,Standard,30.9,57,59.7,2,0,0
CUST-01907,North,Enterprise,100.1,52,485.39,2,1,0
CUST-01908,East,Standard,23.8,36,40.44,2,0,0
CUST-01909,North,Basic,50.8,30,29.75,5,0,0
CUST-01910,North,Basic,28.4,66,25.41,4,0,1
CUST-01911,West,Enterprise,1.5,64,452.12,1,1,0
CUST-01912,North,Enterprise,11.0,48,441.1,4,0,0
CUST-01913,North,Basic,14.8,55,30.24,0,0,0
CUST-01914,East,Standard,37.0,74,52.99,2,0,1
CUST-01915,North,Basic,10.2,60,24.6,3,0,0
CUST-01916,West,Premium,6.2,65,109.5,2,0,0
CUST-01917,North,Basic,9.1,46,24.48,0,1,0
CUST-01918,East,Basic,19.7,60,22.52,4,0,0
CUST-01919,South,Standard,30.5,43,50.21,1,0,0
CUST-01920,West,Standard,17.3,64,61.5,1,0,0
CUST-01921,North,Basic,18.9,52,24.33,0,0,0
CUST-01922,South,Basic,15.5,55,21.12,3,1,0
CUST-01923,North,Standard,17.1,73,56.49,0,0,0
CUST-01924,East,Standard,5.0,68,48.82,1,0,0
CUST-01925,East,Premium,8.5,67,122.95,1,0,0
CUST-01926,North,Enterprise,28.5,43,599.38,1,0,0
CUST-01927,East,Premium,6.3,51,85.21,3,0,0
CUST-01928,West,Premium,5.6,68,85.55,5,1,0
CUST-01929,West,Standard,13.8,57,62.22,2,0,0
CUST-01930,East,Basic,3.3,57,27.88,1,0,0
CUST-01931,West,Standard,9.8,74,41.47,2,0,0
CUST-01932,West,Basic,31.7,28,28.11,0,0,0
CUST-01933,East,Standard,34.5,49,59.41,2,0,0
CUST-01934,East,Basic,1.0,65,24.69,2,0,0
CUST-01935,West,Standard,1.4,37,56.23,1,1,0
CUST-01936,East,Basic,39.2,49,29.56,0,1,0
CUST-01937,North,Premium,29.4,62,109.87,2,0,0
CUST-01938,South,Basic,67.8,51,22.05,2,0,0
CUST-01939,South,Premium,7.6,25,87.69,3,0,0
CUST-01940,North,Standard,4.1,61,55.0,2,0,0
CUST-01941,West,Standard,28.4,37,60.14,1,0,0
CUST-01942,East,Basic,11.2,26,29.49,4,0,0
CUST-01943,East,Standard,15.2,24,64.77,4,0,0
CUST-01944,South,Premium,3.8,30,93.12,1,1,0
CUST-01945,East,Enterprise,13.3,24,493.17,4,0,0
CUST-01946,South,Standard,14.9,67,62.66,3,1,0
CUST-01947,North,Standard,14.8,37,61.12,4,1,0
CUST-01948,North,Standard,65.2,49,52.78,2,0,0
CUST-01949,West,Standard,23.0,51,46.8,2,1,0
CUST-01950,North,Premium,2.2,39,98.09,1,0,0
CUST-01951,West,Premium,24.8,72,118.25,3,0,0
CUST-01952,East,Premium,23.7,62,81.55,2,0,0
CUST-01953,East,Premium,8.4,69,121.45,2,0,0
CUST-01954,North,Basic,6.5,33,29.2,2,1,0
CUST-01955,South,Basic,9.7,19,21.28,2,0,0
CUST-01956,West,Standard,61.5,51,56.76,1,0,0
CUST-01957,North,Enterprise,18.8,19,552.03,2,0,0
CUST-01958,North,Basic,89.1,32,21.26,2,0,0
CUST-01959,East,Premium,17.5,48,121.64,3,0,0
CUST-01960,North,Standard,3.7,18,61.15,2,1,0
CUST-01961,East,Basic,12.4,68,32.01,2,0,0
CUST-01962,East,Standard,145.8,52,59.42,4,0,0
CUST-01963,West,Standard,46.4,62,44.41,2,0,0
CUST-01964,East,Basic,15.1,48,31.53,0,1,0
CUST-01965,West,Premium,10.0,53,96.54,2,0,0
CUST-01966,East,Basic,11.7,24,23.31,1,0,0
CUST-01967,North,Standard,75.3,66,57.83,1,0,0
CUST-01968,West,Premium,96.1,63,108.92,2,0,0
CUST-01969,North,Enterprise,23.4,35,632.04,3,0,0
CUST-01970,East,Standard,26.1,37,47.73,4,1,0
CUST-01971,West,Standard,2.6,58,45.44,1,0,0
CUST-01972,North,Basic,13.5,39,23.34,2,1,0
CUST-01973,South,Premium,37.5,65,108.59,2,0,0
CUST-01974,West,Standard,5.1,58,40.72,0,0,0
CUST-01975,West,Basic,3.9,53,27.44,3,0,0
CUST-01976,West,Premium,91.6,25,112.26,0,1,0
CUST-01977,West,Standard,31.5,71,41.4,3,1,0
CUST-01978,North,Basic,3.2,26,21.33,2,0,0
CUST-01979,East,Premium,42.4,64,83.32,2,0,0
CUST-01980,East,Basic,31.2,65,31.85,4,0,0
CUST-01981,West,Standard,96.8,37,46.78,2,0,0
CUST-01982,North,Premium,7.0,24,101.45,2,1,0
CUST-01983,North,Basic,37.8,34,22.24,2,0,0
CUST-01984,South,Basic,22.7,35,23.72,0,1,0
CUST-01985,East,Standard,43.5,41,44.42,1,0,0
CUST-01986,North,Premium,17.3,66,95.03,3,0,0
CUST-01987,South,Enterprise,15.7,42,429.09,3,0,0
CUST-01988,North,Premium,28.1,68,104.57,4,1,0
CUST-01989,North,Basic,10.5,27,29.44,1,0,1
CUST-01990,East,Standard,8.4,66,59.02,2,0,0
CUST-01991,North,Standard,68.4,45,63.11,1,0,0
CUST-01992,North,Standard,5.0,46,57.28,2,0,0
CUST-01993,West,Standard,3.6,38,44.78,1,1,0
CUST-01994,East,Standard,16.7,40,42.01,2,0,0
CUST-01995,South,Standard,7.9,28,60.56,0,0,0
CUST-01996,East,Premium,3.6,30,86.23,1,1,0
CUST-01997,West,Standard,48.1,61,56.18,4,0,0
CUST-01998,West,Standard,9.5,56,43.57,3,1,0
CUST-01999,North,Basic,13.1,35,22.04,2,1,0
