shipment_id,route,distance_km,product_type,urgency,weight_tons,sea_freight,transport_mode,co2_emissions_kg,transit_time_days
SHP-0000,na_sa,7725.0,consumer_goods,medium,2.04,1,sea,210.6,257.5
SHP-0001,apac_africa,13557.0,textiles,low,42.04,1,sea,7739.9,451.9
SHP-0002,apac_africa,14011.0,automotive,low,4.15,1,sea,861.0,467.0
SHP-0003,na_sa,7262.0,pharma,medium,0.57,0,air,2137.5,9.1
SHP-0004,intra_europe,2548.0,machinery,low,1.23,0,road,289.8,51.0
SHP-0005,intra_asia,4816.0,electronics,low,13.04,1,sea,990.0,160.5
SHP-0006,asia_na,11769.0,machinery,high,33.66,0,air,231574.4,14.7
SHP-0007,apac_africa,14373.0,pharma,low,4.72,1,sea,873.7,479.1
SHP-0008,intra_asia,5230.0,pharma,medium,1.82,0,air,6295.2,6.5
SHP-0009,apac_africa,13218.0,automotive,high,14.73,0,air,115125.1,16.5
SHP-0010,intra_asia,5106.0,pharma,high,11.72,0,air,29553.2,6.4
SHP-0011,na_sa,8606.0,pharma,medium,26.19,0,air,117365.8,10.8
SHP-0012,europe_sa,10234.0,automotive,high,8.17,0,air,47660.1,12.8
SHP-0013,asia_na,11310.0,consumer_goods,medium,4.53,1,sea,884.5,377.0
SHP-0014,na_sa,8436.0,food,low,0.96,1,sea,122.9,281.2
SHP-0015,asia_na,11267.0,food,high,19.54,1,sea,4008.9,375.6
SHP-0016,europe_na,5613.0,electronics,low,1.4,1,sea,115.6,187.1
SHP-0017,intra_europe,1825.0,raw_materials,medium,6.48,0,road,1087.3,36.5
SHP-0018,na_sa,7758.0,consumer_goods,high,5.42,0,air,26685.6,9.7
SHP-0019,europe_sa,10543.0,food,low,0.5,0,air,3124.1,13.2
SHP-0020,europe_sa,9960.0,electronics,low,1.88,0,air,12147.5,12.4
SHP-0021,apac_africa,13619.0,consumer_goods,low,15.63,1,sea,3450.1,454.0
SHP-0022,europe_sa,10609.0,consumer_goods,high,4.64,1,sea,626.0,353.6
SHP-0023,intra_europe,1952.0,machinery,medium,3.08,0,road,634.3,39.0
SHP-0024,apac_africa,14624.0,textiles,low,1.45,0,air,13495.6,18.3
SHP-0025,europe_na,5687.0,consumer_goods,medium,9.05,1,sea,663.7,189.6
SHP-0026,intra_europe,3000.0,automotive,low,5.15,0,road,1808.4,60.0
SHP-0027,apac_africa,14427.0,consumer_goods,low,13.07,1,sea,2792.6,480.9
SHP-0028,asia_na,10560.0,food,low,14.95,1,sea,2190.2,352.0
SHP-0029,intra_europe,3172.0,textiles,medium,10.08,1,sea,452.1,105.7
SHP-0030,na_sa,8270.0,raw_materials,low,26.71,1,sea,3458.3,275.7
SHP-0031,europe_sa,10682.0,electronics,low,15.38,1,sea,2239.9,356.1
SHP-0032,asia_europe,17108.0,raw_materials,low,0.5,1,sea,126.7,570.3
SHP-0033,intra_asia,5168.0,pharma,low,5.84,0,air,15121.5,6.5
SHP-0034,asia_europe,18548.0,textiles,medium,1.23,1,sea,401.5,618.3
SHP-0035,asia_na,11572.0,machinery,high,14.33,0,air,84425.4,14.5
SHP-0036,intra_asia,4667.0,machinery,high,29.34,0,air,70682.6,5.8
SHP-0037,intra_asia,4722.0,textiles,low,5.65,1,sea,418.6,157.4
SHP-0038,europe_sa,9543.0,raw_materials,low,10.72,1,sea,1294.7,318.1
SHP-0039,europe_sa,10177.0,food,medium,17.64,1,sea,2605.0,339.2
SHP-0040,intra_europe,2304.0,raw_materials,medium,12.17,0,road,2954.8,46.1
SHP-0041,europe_sa,9946.0,textiles,medium,0.98,1,sea,169.4,331.5
SHP-0042,na_sa,8891.0,electronics,low,2.04,1,sea,274.1,296.4
SHP-0043,apac_africa,14136.0,consumer_goods,medium,11.35,1,sea,2507.8,471.2
SHP-0044,apac_africa,13660.0,automotive,low,23.21,1,sea,4768.1,455.3
SHP-0045,asia_na,12350.0,pharma,low,6.83,1,sea,1387.9,411.7
SHP-0046,intra_asia,4838.0,machinery,medium,8.39,0,road,3779.6,96.8
SHP-0047,apac_africa,14172.0,pharma,medium,5.9,0,air,48581.7,17.7
SHP-0048,europe_na,6223.0,electronics,critical,28.29,0,air,89467.7,7.8
SHP-0049,na_sa,7791.0,machinery,medium,0.89,1,sea,118.0,259.7
SHP-0050,asia_na,11381.0,automotive,low,14.32,1,sea,2711.7,379.4
SHP-0051,intra_europe,2724.0,pharma,low,16.67,0,road,4497.0,54.5
SHP-0052,asia_na,12246.0,automotive,critical,23.46,0,air,162393.1,15.3
SHP-0053,asia_europe,17687.0,electronics,medium,21.02,1,sea,6051.5,589.6
SHP-0054,asia_europe,17794.0,pharma,critical,36.1,0,air,397011.4,22.2
SHP-0055,intra_asia,5101.0,pharma,medium,16.75,0,road,7232.1,102.0
SHP-0056,asia_na,12907.0,automotive,low,17.2,1,sea,3008.2,430.2
SHP-0057,na_sa,7280.0,electronics,high,14.7,1,sea,1385.1,242.7
SHP-0058,europe_na,6530.0,raw_materials,high,35.31,0,air,142900.9,8.2
SHP-0059,europe_sa,9918.0,pharma,medium,6.62,0,air,35110.3,12.4
SHP-0060,europe_na,5713.0,raw_materials,low,1.52,1,sea,129.7,190.4
SHP-0061,asia_europe,17448.0,electronics,low,4.04,0,air,37336.3,21.8
SHP-0062,europe_sa,9052.0,consumer_goods,medium,59.48,1,sea,8682.8,301.7
SHP-0063,intra_europe,2149.0,electronics,medium,10.53,0,air,11236.9,2.7
SHP-0064,apac_africa,13928.0,consumer_goods,medium,3.9,1,sea,799.7,464.3
SHP-0065,asia_na,11622.0,food,critical,51.41,0,air,326029.9,14.5
SHP-0066,asia_europe,18864.0,consumer_goods,low,29.02,0,air,329439.8,23.6
SHP-0067,apac_africa,14390.0,machinery,critical,24.12,1,sea,4508.1,479.7
SHP-0068,asia_europe,17946.0,automotive,low,10.82,1,sea,3729.3,598.2
SHP-0069,europe_na,5653.0,electronics,medium,3.83,1,sea,376.7,188.4
SHP-0070,asia_europe,18819.0,textiles,medium,17.58,0,air,211174.5,23.5
SHP-0071,asia_europe,17630.0,electronics,critical,11.18,0,air,113836.5,22.0
SHP-0072,apac_africa,13999.0,raw_materials,high,8.81,0,air,69267.4,17.5
SHP-0073,intra_asia,4718.0,automotive,high,11.62,0,air,31421.3,5.9
SHP-0074,europe_sa,10102.0,machinery,medium,5.98,1,sea,1058.8,336.7
SHP-0075,intra_europe,1485.0,automotive,low,11.68,0,rail,515.1,24.8
SHP-0076,apac_africa,14230.0,pharma,medium,46.96,0,air,365125.6,17.8
SHP-0077,europe_na,5090.0,automotive,low,1.64,1,sea,118.0,169.7
SHP-0078,apac_africa,14280.0,electronics,high,7.71,0,air,52600.0,17.9
SHP-0079,asia_na,12308.0,machinery,low,2.34,1,sea,374.9,410.3
SHP-0080,asia_europe,18393.0,electronics,medium,14.07,1,sea,4322.6,613.1
SHP-0081,asia_europe,18061.0,textiles,critical,0.76,0,air,9344.8,22.6
SHP-0082,asia_europe,18089.0,automotive,low,7.95,1,sea,2116.4,603.0
SHP-0083,apac_africa,13874.0,textiles,low,14.99,0,air,118488.2,17.3
SHP-0084,na_sa,7415.0,consumer_goods,low,5.68,1,sea,558.2,247.2
SHP-0085,na_sa,8038.0,electronics,high,10.8,0,air,51439.6,10.0
SHP-0086,intra_asia,6287.0,raw_materials,medium,16.42,1,sea,1341.9,209.6
SHP-0087,asia_europe,18356.0,consumer_goods,medium,5.28,0,air,55818.2,22.9
SHP-0088,asia_europe,17897.0,raw_materials,low,4.03,1,sea,1115.0,596.6
SHP-0089,na_sa,8087.0,textiles,high,20.38,0,air,86232.0,10.1
SHP-0090,europe_na,6283.0,textiles,medium,3.94,0,air,13667.2,7.9
SHP-0091,europe_na,6320.0,pharma,low,11.32,1,sea,1084.3,210.7
SHP-0092,europe_na,5901.0,textiles,low,4.92,1,sea,389.3,196.7
SHP-0093,intra_europe,2813.0,pharma,low,13.73,0,road,3722.2,56.3
SHP-0094,na_sa,7893.0,food,high,40.24,0,air,194712.0,9.9
SHP-0095,asia_europe,17746.0,electronics,high,10.25,0,air,84371.5,22.2
SHP-0096,asia_europe,18381.0,textiles,low,20.22,1,sea,5943.6,612.7
SHP-0097,intra_europe,2910.0,machinery,high,6.94,0,air,10280.0,3.6
SHP-0098,europe_sa,8837.0,electronics,low,27.58,1,sea,4090.2,294.6
SHP-0099,apac_africa,14121.0,raw_materials,critical,11.86,0,air,76429.8,17.7
SHP-0100,na_sa,7994.0,raw_materials,high,18.65,0,air,82777.8,10.0
SHP-0101,intra_asia,4752.0,pharma,medium,17.25,0,air,52267.6,5.9
SHP-0102,na_sa,7610.0,pharma,low,19.15,1,sea,1810.4,253.7
SHP-0103,intra_europe,3165.0,machinery,low,5.09,1,sea,310.5,105.5
SHP-0104,europe_sa,9797.0,machinery,critical,2.0,0,air,10252.0,12.2
SHP-0105,asia_europe,18434.0,textiles,critical,9.99,0,air,113261.5,23.0
SHP-0106,apac_africa,14602.0,automotive,medium,6.62,0,air,64708.2,18.3
SHP-0107,europe_sa,9686.0,pharma,low,30.44,0,air,163124.5,12.1
SHP-0108,apac_africa,13208.0,food,low,19.49,1,sea,3996.3,440.3
SHP-0109,na_sa,8526.0,raw_materials,low,5.11,1,sea,651.2,284.2
SHP-0110,europe_na,6236.0,pharma,medium,29.56,0,road,18236.6,124.7
SHP-0111,intra_europe,2539.0,electronics,critical,1.93,0,air,2197.1,3.2
SHP-0112,intra_asia,4711.0,consumer_goods,low,16.63,1,sea,1306.2,157.0
SHP-0113,apac_africa,15128.0,food,medium,9.98,1,sea,2468.0,504.3
SHP-0114,na_sa,9215.0,electronics,medium,9.84,1,sea,1364.1,307.2
SHP-0115,intra_asia,5055.0,machinery,low,12.39,1,sea,799.7,168.5
SHP-0116,intra_europe,3111.0,textiles,low,13.37,1,sea,493.1,103.7
SHP-0117,na_sa,8481.0,pharma,low,1.26,1,sea,177.9,282.7
SHP-0118,apac_africa,13153.0,machinery,low,1.07,1,sea,173.7,438.4
SHP-0119,intra_asia,5165.0,machinery,high,20.41,0,air,56917.2,6.5
SHP-0120,asia_na,11835.0,pharma,medium,6.32,0,air,41046.3,14.8
SHP-0121,intra_europe,2322.0,raw_materials,medium,26.99,0,road,5447.6,46.4
SHP-0122,europe_sa,10435.0,electronics,low,1.8,0,air,12998.9,13.0
SHP-0123,asia_na,12149.0,food,low,29.48,1,sea,5826.8,405.0
SHP-0124,europe_sa,9926.0,raw_materials,high,2.77,1,sea,358.3,330.9
SHP-0125,asia_europe,18456.0,machinery,medium,13.12,1,sea,4056.4,615.2
SHP-0126,asia_na,12702.0,raw_materials,low,2.18,1,sea,356.4,423.4
SHP-0127,intra_europe,2387.0,pharma,high,4.23,0,air,5989.0,3.0
SHP-0128,na_sa,7123.0,automotive,low,10.85,1,sea,1179.2,237.4
SHP-0129,intra_asia,5187.0,machinery,low,0.94,0,road,502.6,103.7
SHP-0130,asia_na,11602.0,machinery,high,14.24,1,sea,2607.9,386.7
SHP-0131,europe_na,6493.0,electronics,low,36.01,1,sea,3112.6,216.4
SHP-0132,europe_sa,10642.0,food,medium,22.7,1,sea,3828.6,354.7
SHP-0133,na_sa,7858.0,machinery,low,14.67,0,air,66916.5,9.8
SHP-0134,asia_na,11634.0,automotive,low,30.99,0,air,229824.4,14.5
SHP-0135,asia_na,12678.0,automotive,low,10.88,1,sea,1596.3,422.6
SHP-0136,asia_na,12040.0,machinery,high,0.81,1,sea,159.9,401.3
SHP-0137,intra_asia,5615.0,electronics,high,11.48,0,air,31713.8,7.0
SHP-0138,asia_na,11781.0,consumer_goods,high,74.19,0,air,505778.6,14.7
SHP-0139,intra_asia,4988.0,consumer_goods,high,49.68,0,air,132016.4,6.2
SHP-0140,na_sa,8869.0,electronics,low,5.26,1,sea,672.3,295.6
SHP-0141,europe_sa,9204.0,food,critical,6.7,0,air,38065.4,11.5
SHP-0142,intra_europe,2782.0,automotive,high,34.75,0,air,52259.4,3.5
SHP-0143,asia_europe,17951.0,consumer_goods,critical,12.59,0,air,128268.8,22.4
SHP-0144,asia_na,11936.0,electronics,low,18.15,1,sea,2756.6,397.9
SHP-0145,na_sa,8048.0,pharma,critical,2.29,0,air,10469.5,10.1
SHP-0146,europe_sa,11118.0,food,medium,10.79,0,air,56233.7,13.9
SHP-0147,asia_europe,17253.0,food,high,37.39,0,air,387690.8,21.6
SHP-0148,apac_africa,14063.0,machinery,medium,5.6,1,sea,1317.1,468.8
SHP-0149,asia_na,12276.0,consumer_goods,medium,0.95,0,air,6577.7,15.3
SHP-0150,apac_africa,14454.0,textiles,low,13.6,1,sea,2786.6,481.8
SHP-0151,europe_sa,10551.0,pharma,high,24.24,0,air,161253.3,13.2
SHP-0152,asia_europe,17536.0,food,high,24.65,1,sea,7606.1,584.5
SHP-0153,asia_na,11729.0,automotive,low,20.44,1,sea,3814.0,391.0
SHP-0154,na_sa,8326.0,consumer_goods,low,12.06,1,sea,1531.6,277.5
SHP-0155,europe_sa,10593.0,pharma,medium,32.26,1,sea,5968.0,353.1
SHP-0156,apac_africa,14245.0,electronics,medium,5.09,0,air,33517.3,17.8
SHP-0157,asia_na,13010.0,pharma,high,0.5,1,sea,90.5,433.7
SHP-0158,na_sa,7716.0,automotive,medium,3.84,0,road,3092.9,154.3
SHP-0159,na_sa,8649.0,textiles,low,1.03,0,air,5324.4,10.8
SHP-0160,europe_na,5077.0,machinery,high,3.14,0,air,7323.8,6.3
SHP-0161,asia_europe,18251.0,pharma,medium,41.38,1,sea,14197.1,608.4
SHP-0162,intra_asia,4921.0,machinery,high,11.81,0,air,25896.2,6.2
SHP-0163,intra_europe,3319.0,pharma,medium,2.69,0,air,5553.4,4.1
SHP-0164,intra_asia,4273.0,consumer_goods,medium,0.5,1,sea,34.8,142.4
SHP-0165,europe_sa,10608.0,pharma,high,0.5,0,air,2682.6,13.3
SHP-0166,asia_europe,18081.0,automotive,medium,11.55,0,air,114683.6,22.6
SHP-0167,apac_africa,14512.0,raw_materials,low,0.98,1,sea,192.5,483.7
SHP-0168,na_sa,8316.0,automotive,low,2.2,1,sea,279.9,277.2
SHP-0169,europe_na,6105.0,electronics,low,9.35,0,road,6556.8,122.1
SHP-0170,europe_sa,10259.0,automotive,low,27.02,1,sea,5033.5,342.0
SHP-0171,asia_na,11710.0,pharma,high,1.02,1,sea,167.9,390.3
SHP-0172,intra_asia,6184.0,textiles,critical,4.93,0,air,18487.2,7.7
SHP-0173,na_sa,8253.0,textiles,medium,2.67,0,air,9551.5,10.3
SHP-0174,na_sa,8241.0,electronics,high,15.59,0,air,69091.5,10.3
SHP-0175,intra_europe,2937.0,pharma,low,24.21,0,road,8150.6,58.7
SHP-0176,apac_africa,14755.0,pharma,medium,3.89,0,air,39933.9,18.4
SHP-0177,intra_europe,2164.0,food,high,1.69,0,air,2084.5,2.7
SHP-0178,na_sa,7307.0,machinery,low,23.12,1,sea,2544.9,243.6
SHP-0179,intra_europe,3305.0,automotive,low,10.79,1,sea,484.3,110.2
SHP-0180,asia_europe,18524.0,food,low,17.82,1,sea,5801.9,617.5
SHP-0181,na_sa,8217.0,raw_materials,low,8.8,1,sea,1218.3,273.9
SHP-0182,asia_europe,19095.0,pharma,high,2.19,1,sea,507.9,636.5
SHP-0183,intra_asia,5252.0,electronics,high,19.66,0,air,58466.6,6.6
SHP-0184,intra_europe,2242.0,raw_materials,low,9.09,0,air,10027.9,2.8
SHP-0185,europe_sa,10095.0,pharma,low,51.78,0,air,233913.1,12.6
SHP-0186,asia_na,11228.0,textiles,medium,13.19,1,sea,1959.7,374.3
SHP-0187,intra_asia,4634.0,food,low,13.4,0,road,5805.4,92.7
SHP-0188,asia_na,11949.0,machinery,medium,24.38,1,sea,3755.9,398.3
SHP-0189,apac_africa,14309.0,raw_materials,low,12.64,1,sea,2951.4,477.0
SHP-0190,asia_na,11193.0,electronics,medium,24.55,0,air,165853.2,14.0
SHP-0191,asia_europe,18151.0,raw_materials,low,13.22,1,sea,3861.0,605.0
SHP-0192,asia_europe,18395.0,electronics,low,9.44,1,sea,2459.8,613.2
SHP-0193,intra_europe,3086.0,textiles,low,7.15,1,sea,357.2,102.9
SHP-0194,intra_europe,2521.0,consumer_goods,medium,11.59,0,air,18307.0,3.2
SHP-0195,apac_africa,14045.0,automotive,medium,11.24,0,air,92647.0,17.6
SHP-0196,asia_na,12090.0,food,low,0.5,0,air,4223.4,15.1
SHP-0197,asia_europe,17407.0,pharma,critical,5.2,1,sea,1490.8,580.2
SHP-0198,apac_africa,15025.0,food,high,9.3,0,air,82845.1,18.8
SHP-0199,asia_na,12158.0,machinery,low,2.4,1,sea,398.2,405.3
SHP-0200,intra_asia,4709.0,electronics,medium,3.56,0,road,1811.8,94.2
SHP-0201,asia_europe,18239.0,automotive,critical,11.04,0,air,113827.1,22.8
SHP-0202,asia_europe,18290.0,consumer_goods,medium,21.98,0,air,227788.0,22.9
SHP-0203,asia_na,11571.0,consumer_goods,high,6.61,0,air,35220.6,14.5
SHP-0204,intra_europe,2378.0,food,low,16.02,0,air,17466.6,3.0
SHP-0205,apac_africa,13468.0,automotive,medium,3.17,1,sea,651.9,448.9
SHP-0206,europe_sa,9783.0,automotive,medium,6.22,1,sea,969.8,326.1
SHP-0207,asia_europe,18195.0,raw_materials,medium,3.85,1,sea,979.1,606.5
SHP-0208,asia_europe,17184.0,electronics,low,5.26,1,sea,1509.9,572.8
SHP-0209,asia_na,11740.0,consumer_goods,medium,25.45,0,air,172084.6,14.7
SHP-0210,intra_asia,4321.0,machinery,critical,13.01,0,air,33869.7,5.4
SHP-0211,europe_sa,10434.0,machinery,critical,2.31,0,air,11118.7,13.0
SHP-0212,apac_africa,13222.0,automotive,high,5.12,0,air,38221.5,16.5
SHP-0213,apac_africa,13543.0,textiles,low,58.69,0,air,447792.5,16.9
SHP-0214,asia_europe,17676.0,raw_materials,low,16.89,1,sea,5171.2,589.2
SHP-0215,europe_sa,9855.0,food,low,1.1,0,air,6100.2,12.3
SHP-0216,europe_na,5725.0,machinery,medium,8.7,0,road,6205.4,114.5
SHP-0217,intra_asia,5013.0,electronics,low,20.41,1,sea,1556.8,167.1
SHP-0218,europe_sa,9648.0,automotive,low,1.01,1,sea,136.4,321.6
SHP-0219,asia_na,12356.0,machinery,low,23.77,0,air,165816.8,15.4
SHP-0220,europe_sa,10143.0,raw_materials,low,5.5,1,sea,714.4,338.1
SHP-0221,asia_europe,17946.0,pharma,critical,6.8,0,air,68684.2,22.4
SHP-0222,asia_na,12363.0,consumer_goods,low,11.6,1,sea,1898.0,412.1
SHP-0223,europe_na,5334.0,electronics,low,63.26,1,sea,5611.2,177.8
SHP-0224,asia_europe,17385.0,food,low,4.34,1,sea,1219.0,579.5
SHP-0225,intra_europe,3261.0,consumer_goods,high,11.46,0,air,23438.6,4.1
SHP-0226,intra_europe,2735.0,food,high,7.17,0,air,10941.5,3.4
SHP-0227,intra_europe,1842.0,food,high,0.5,0,air,513.8,2.3
SHP-0228,europe_sa,10193.0,automotive,low,9.2,1,sea,1283.4,339.8
SHP-0229,asia_na,11403.0,food,critical,8.03,1,sea,1467.5,380.1
SHP-0230,na_sa,7129.0,food,medium,1.95,0,road,1413.5,142.6
SHP-0231,asia_europe,18506.0,machinery,high,26.72,0,air,310949.3,23.1
SHP-0232,asia_europe,17901.0,machinery,low,27.84,1,sea,7870.3,596.7
SHP-0233,asia_na,11526.0,electronics,medium,0.83,0,air,4223.9,14.4
SHP-0234,apac_africa,13985.0,consumer_goods,low,1.06,1,sea,197.7,466.2
SHP-0235,apac_africa,12783.0,automotive,low,5.16,1,sea,1080.8,426.1
SHP-0236,intra_europe,1962.0,food,medium,17.35,0,road,2724.3,39.2
SHP-0237,intra_europe,2587.0,consumer_goods,medium,5.77,0,air,8859.2,3.2
SHP-0238,europe_sa,10481.0,machinery,high,4.16,0,air,25354.0,13.1
SHP-0239,intra_asia,5020.0,consumer_goods,medium,1.64,1,sea,151.6,167.3
SHP-0240,na_sa,7881.0,raw_materials,medium,11.39,0,air,42347.0,9.9
SHP-0241,apac_africa,13840.0,food,low,20.31,0,air,177189.8,17.3
SHP-0242,asia_europe,19064.0,raw_materials,medium,22.14,0,air,269402.8,23.8
SHP-0243,intra_europe,2427.0,raw_materials,critical,33.25,1,sea,1078.5,80.9
SHP-0244,intra_asia,4699.0,machinery,low,8.46,0,road,4189.5,94.0
SHP-0245,intra_asia,5330.0,raw_materials,medium,14.01,0,road,8935.4,106.6
SHP-0246,na_sa,8103.0,consumer_goods,low,15.56,0,air,57639.2,10.1
SHP-0247,apac_africa,14169.0,electronics,medium,15.85,0,air,117737.6,17.7
SHP-0248,asia_europe,18343.0,pharma,low,17.18,1,sea,4669.3,611.4
SHP-0249,europe_sa,10413.0,pharma,low,1.93,1,sea,363.5,347.1
SHP-0250,intra_asia,4856.0,pharma,high,26.08,0,air,65515.6,6.1
SHP-0251,intra_asia,4792.0,electronics,medium,7.87,0,air,20550.4,6.0
SHP-0252,na_sa,7878.0,consumer_goods,medium,19.62,1,sea,2654.3,262.6
SHP-0253,asia_europe,17504.0,consumer_goods,low,18.44,1,sea,5556.8,583.5
SHP-0254,apac_africa,12848.0,raw_materials,low,6.83,1,sea,1243.1,428.3
SHP-0255,europe_na,6309.0,electronics,critical,12.35,0,air,47554.5,7.9
SHP-0256,apac_africa,14273.0,automotive,high,5.81,0,air,45884.7,17.8
SHP-0257,asia_europe,18178.0,textiles,low,0.5,1,sea,129.2,605.9
SHP-0258,asia_europe,17708.0,consumer_goods,low,19.47,1,sea,4928.1,590.3
SHP-0259,europe_sa,9757.0,automotive,medium,6.89,0,air,41629.2,12.2
SHP-0260,europe_sa,9768.0,electronics,high,12.84,0,air,59249.0,12.2
SHP-0261,intra_europe,2023.0,raw_materials,low,3.81,0,road,823.1,40.5
SHP-0262,intra_europe,2587.0,textiles,low,28.43,1,sea,1133.6,86.2
SHP-0263,asia_europe,17916.0,automotive,low,13.08,0,air,135571.4,22.4
SHP-0264,na_sa,8580.0,consumer_goods,low,15.75,0,air,68525.3,10.7
SHP-0265,europe_na,5581.0,electronics,medium,42.91,0,air,120796.5,7.0
SHP-0266,asia_na,11696.0,electronics,high,9.89,0,air,61218.3,14.6
SHP-0267,asia_na,12506.0,automotive,high,9.41,1,sea,1580.1,416.9
SHP-0268,asia_europe,17452.0,raw_materials,high,13.27,0,air,125233.4,21.8
SHP-0269,intra_asia,4579.0,automotive,medium,19.7,0,air,58631.9,5.7
SHP-0270,apac_africa,14421.0,machinery,low,16.96,1,sea,3321.0,480.7
SHP-0271,intra_asia,4513.0,raw_materials,low,7.2,0,road,2857.4,90.3
SHP-0272,asia_europe,17866.0,pharma,medium,8.27,1,sea,2308.6,595.5
SHP-0273,asia_europe,17593.0,food,critical,2.73,0,air,24890.6,22.0
SHP-0274,intra_europe,2094.0,consumer_goods,high,6.05,0,air,7560.8,2.6
SHP-0275,asia_na,13010.0,machinery,low,23.35,0,air,143755.8,16.3
SHP-0276,apac_africa,15272.0,automotive,low,26.93,1,sea,5623.2,509.1
SHP-0277,intra_europe,2070.0,electronics,medium,49.71,0,road,9878.5,41.4
SHP-0278,europe_sa,10195.0,textiles,medium,15.25,0,air,72151.5,12.7
SHP-0279,intra_asia,5242.0,raw_materials,high,4.53,0,air,14677.7,6.6
SHP-0280,intra_europe,1945.0,raw_materials,high,4.9,0,air,5519.6,2.4
SHP-0281,apac_africa,14122.0,textiles,low,5.13,1,sea,1181.1,470.7
SHP-0282,asia_europe,18972.0,electronics,high,7.65,0,air,78600.9,23.7
SHP-0283,intra_europe,2255.0,textiles,medium,0.87,0,road,184.3,45.1
SHP-0284,apac_africa,14434.0,automotive,low,2.87,1,sea,582.8,481.1
SHP-0285,europe_sa,10171.0,electronics,high,18.64,0,air,99210.9,12.7
SHP-0286,asia_europe,17810.0,raw_materials,medium,23.99,1,sea,5942.5,593.7
SHP-0287,europe_sa,9951.0,electronics,low,16.16,0,air,89768.7,12.4
SHP-0288,apac_africa,14270.0,pharma,low,39.5,0,air,309715.5,17.8
SHP-0289,na_sa,9100.0,pharma,low,14.6,0,air,66279.2,11.4
SHP-0290,europe_sa,10043.0,pharma,low,10.95,1,sea,1529.1,334.8
SHP-0291,europe_sa,9672.0,pharma,high,13.22,0,air,82376.1,12.1
SHP-0292,na_sa,8280.0,raw_materials,high,0.5,0,air,3036.0,10.3
SHP-0293,asia_na,12930.0,consumer_goods,high,10.96,1,sea,1958.2,431.0
SHP-0294,intra_asia,4440.0,textiles,high,7.03,0,air,18284.7,5.5
SHP-0295,intra_europe,2790.0,automotive,medium,1.32,0,road,421.2,55.8
SHP-0296,asia_na,11896.0,electronics,medium,12.06,1,sea,1844.8,396.5
SHP-0297,asia_europe,18053.0,textiles,low,3.89,0,air,36425.6,22.6
SHP-0298,asia_europe,17719.0,consumer_goods,low,2.78,1,sea,701.9,590.6
SHP-0299,europe_sa,9758.0,automotive,high,10.18,0,air,54093.7,12.2
SHP-0300,europe_sa,10415.0,electronics,medium,1.45,1,sea,226.0,347.2
SHP-0301,asia_europe,17968.0,automotive,low,6.02,1,sea,1565.4,598.9
SHP-0302,apac_africa,13409.0,food,low,20.83,0,air,182056.3,16.8
SHP-0303,apac_africa,14405.0,electronics,medium,13.92,1,sea,3040.6,480.2
SHP-0304,na_sa,7665.0,automotive,medium,16.69,1,sea,1707.7,255.5
SHP-0305,na_sa,7737.0,food,medium,5.39,0,air,26461.5,9.7
SHP-0306,europe_sa,10226.0,food,critical,0.83,0,air,3950.7,12.8
SHP-0307,asia_europe,18158.0,textiles,medium,10.33,1,sea,2751.6,605.3
SHP-0308,asia_europe,17913.0,consumer_goods,medium,22.42,0,air,204567.3,22.4
SHP-0309,europe_na,6041.0,raw_materials,high,7.1,0,air,25745.7,7.6
SHP-0310,intra_europe,3248.0,automotive,low,10.47,1,sea,553.4,108.3
SHP-0311,intra_europe,2788.0,machinery,low,6.76,1,sea,289.0,92.9
SHP-0312,asia_europe,17923.0,machinery,medium,12.16,1,sea,2921.7,597.4
SHP-0313,europe_sa,9567.0,consumer_goods,medium,5.44,1,sea,943.6,318.9
SHP-0314,asia_europe,18014.0,food,low,0.5,1,sea,136.0,600.5
SHP-0315,asia_na,11196.0,food,medium,4.1,0,air,21460.1,14.0
SHP-0316,asia_na,11763.0,raw_materials,medium,21.03,0,air,114603.2,14.7
SHP-0317,na_sa,7991.0,food,medium,17.22,0,road,13414.2,159.8
SHP-0318,apac_africa,13570.0,food,low,3.78,0,air,30312.9,17.0
SHP-0319,europe_na,6147.0,food,medium,11.81,0,road,8180.7,122.9
SHP-0320,intra_europe,1976.0,consumer_goods,medium,2.7,0,road,509.2,39.5
SHP-0321,intra_europe,3332.0,raw_materials,medium,24.48,1,sea,1486.2,111.1
SHP-0322,intra_europe,2581.0,electronics,high,34.6,0,air,48712.5,3.2
SHP-0323,apac_africa,14109.0,raw_materials,medium,5.65,1,sea,1081.6,470.3
SHP-0324,apac_africa,15041.0,consumer_goods,medium,10.33,0,air,96094.3,18.8
SHP-0325,asia_na,13055.0,automotive,medium,37.5,1,sea,6141.0,435.2
SHP-0326,intra_europe,1988.0,automotive,high,7.14,0,air,8015.0,2.5
SHP-0327,na_sa,8443.0,raw_materials,medium,15.39,0,air,66645.3,10.6
SHP-0328,europe_sa,10542.0,electronics,low,2.84,0,air,14389.0,13.2
SHP-0329,europe_na,5938.0,food,high,1.85,0,air,6640.2,7.4
SHP-0330,apac_africa,14090.0,textiles,medium,1.11,1,sea,207.9,469.7
SHP-0331,apac_africa,14235.0,raw_materials,high,35.41,1,sea,8122.7,474.5
SHP-0332,europe_na,6195.0,electronics,medium,18.99,0,air,58893.7,7.7
SHP-0333,intra_asia,4449.0,machinery,low,19.52,0,road,10461.0,89.0
SHP-0334,intra_asia,5575.0,electronics,medium,46.35,0,air,155165.1,7.0
SHP-0335,europe_sa,10299.0,consumer_goods,medium,10.58,0,air,50212.8,12.9
SHP-0336,apac_africa,12738.0,raw_materials,high,19.55,0,air,154111.0,15.9
SHP-0337,intra_asia,5113.0,pharma,medium,4.01,1,sea,336.5,170.4
SHP-0338,europe_na,5672.0,electronics,low,8.59,1,sea,638.4,189.1
SHP-0339,europe_sa,10095.0,consumer_goods,low,3.4,1,sea,517.1,336.5
SHP-0340,europe_na,5915.0,electronics,high,4.51,0,air,17184.0,7.4
SHP-0341,intra_asia,4060.0,consumer_goods,critical,1.12,0,air,2411.2,5.1
SHP-0342,asia_europe,17579.0,food,high,13.17,0,air,145101.8,22.0
SHP-0343,asia_europe,18199.0,electronics,low,18.27,1,sea,4357.4,606.6
SHP-0344,intra_asia,3787.0,consumer_goods,medium,7.34,1,sea,407.8,126.2
SHP-0345,intra_europe,2610.0,pharma,high,2.86,0,air,3890.5,3.3
SHP-0346,apac_africa,14575.0,automotive,medium,4.2,1,sea,1018.2,485.8
SHP-0347,asia_na,12069.0,raw_materials,low,26.51,1,sea,4617.5,402.3
SHP-0348,asia_europe,18257.0,food,low,21.66,1,sea,6000.0,608.6
SHP-0349,apac_africa,14252.0,raw_materials,medium,8.15,1,sea,1877.5,475.1
SHP-0350,europe_sa,10457.0,electronics,critical,8.78,0,air,46155.6,13.1
SHP-0351,intra_europe,2067.0,pharma,critical,1.61,1,sea,53.9,68.9
SHP-0352,europe_sa,9437.0,automotive,low,4.17,0,air,21776.5,11.8
SHP-0353,intra_europe,2978.0,consumer_goods,low,12.48,0,road,3494.8,59.6
SHP-0354,europe_na,6186.0,consumer_goods,medium,6.09,1,sea,521.7,206.2
SHP-0355,asia_europe,18075.0,food,high,7.71,1,sea,2554.7,602.5
SHP-0356,asia_europe,18094.0,pharma,medium,39.49,1,sea,9646.0,603.1
SHP-0357,europe_na,6384.0,electronics,medium,18.24,0,air,77886.5,8.0
SHP-0358,apac_africa,14561.0,automotive,critical,4.12,0,air,39303.4,18.2
SHP-0359,asia_europe,18557.0,machinery,low,11.96,1,sea,3152.8,618.6
SHP-0360,asia_na,12518.0,consumer_goods,medium,13.66,1,sea,2331.3,417.3
SHP-0361,europe_sa,10141.0,raw_materials,medium,0.54,1,sea,88.9,338.0
SHP-0362,intra_europe,2651.0,electronics,critical,18.91,0,air,26653.8,3.3
SHP-0363,europe_sa,10143.0,pharma,critical,14.93,0,air,83796.9,12.7
SHP-0364,europe_na,6412.0,automotive,low,11.69,0,air,46269.6,8.0
SHP-0365,europe_na,6681.0,textiles,medium,45.43,0,air,161299.5,8.4
SHP-0366,apac_africa,13471.0,textiles,medium,2.13,1,sea,464.2,449.0
SHP-0367,europe_sa,10569.0,pharma,low,31.28,1,sea,5408.3,352.3
SHP-0368,apac_africa,13755.0,automotive,high,1.2,0,air,8013.1,17.2
SHP-0369,europe_na,7748.0,automotive,low,5.98,0,road,5079.4,155.0
SHP-0370,europe_na,6391.0,food,low,9.96,1,sea,957.2,213.0
SHP-0371,asia_na,12244.0,food,low,2.31,0,air,15256.5,15.3
SHP-0372,intra_asia,5842.0,consumer_goods,medium,8.73,0,air,26574.0,7.3
SHP-0373,na_sa,8710.0,automotive,medium,8.26,1,sea,1109.9,290.3
SHP-0374,asia_europe,18373.0,raw_materials,low,0.89,1,sea,264.5,612.4
SHP-0375,intra_asia,4548.0,textiles,high,4.85,0,air,13512.8,5.7
SHP-0376,asia_na,12032.0,electronics,medium,3.98,1,sea,661.2,401.1
SHP-0377,europe_sa,10835.0,food,medium,8.87,1,sea,1925.3,361.2
SHP-0378,na_sa,8497.0,raw_materials,high,40.88,0,air,205051.6,10.6
SHP-0379,na_sa,8741.0,machinery,low,4.72,0,air,25165.2,10.9
SHP-0380,europe_sa,9821.0,automotive,high,50.28,0,air,257186.5,12.3
SHP-0381,intra_asia,4823.0,automotive,medium,14.83,1,sea,1142.3,160.8
SHP-0382,asia_europe,18388.0,raw_materials,low,11.04,1,sea,3116.6,612.9
SHP-0383,intra_asia,5728.0,automotive,medium,5.53,0,road,3520.1,114.6
SHP-0384,apac_africa,13791.0,machinery,high,2.61,0,air,20028.8,17.2
SHP-0385,intra_europe,2869.0,food,critical,8.23,0,air,12447.8,3.6
SHP-0386,apac_africa,14397.0,electronics,low,21.92,1,sea,5131.5,479.9
SHP-0387,europe_sa,10027.0,raw_materials,medium,40.95,1,sea,7247.3,334.2
SHP-0388,europe_na,5482.0,consumer_goods,high,9.65,0,air,26019.7,6.9
SHP-0389,asia_na,12290.0,pharma,low,24.61,0,air,197308.6,15.4
SHP-0390,na_sa,8213.0,machinery,high,28.38,1,sea,3762.5,273.8
SHP-0391,intra_europe,1887.0,pharma,medium,4.88,0,road,786.8,37.7
SHP-0392,europe_na,5663.0,electronics,medium,4.85,1,sea,399.4,188.8
SHP-0393,intra_europe,2221.0,automotive,medium,16.68,1,sea,535.2,74.0
SHP-0394,asia_na,11986.0,machinery,low,42.35,1,sea,7447.3,399.5
SHP-0395,intra_asia,5171.0,electronics,low,6.08,1,sea,406.9,172.4
SHP-0396,asia_europe,18371.0,consumer_goods,medium,41.51,0,air,392889.5,23.0
SHP-0397,intra_asia,5883.0,textiles,medium,12.55,1,sea,917.2,196.1
SHP-0398,europe_na,6504.0,electronics,high,11.3,0,air,34360.9,8.1
SHP-0399,intra_europe,2433.0,food,critical,16.01,0,air,18732.0,3.0
SHP-0400,europe_sa,9278.0,food,medium,0.5,0,air,2565.9,11.6
SHP-0401,intra_europe,2879.0,consumer_goods,medium,45.27,0,air,77047.4,3.6
SHP-0402,europe_na,6175.0,pharma,medium,15.42,1,sea,1531.6,205.8
SHP-0403,asia_europe,18983.0,machinery,high,1.15,1,sea,389.2,632.8
SHP-0404,apac_africa,13513.0,raw_materials,medium,13.41,1,sea,2913.6,450.4
SHP-0405,asia_na,11865.0,pharma,critical,9.43,1,sea,1868.6,395.5
SHP-0406,asia_europe,18489.0,electronics,critical,10.54,0,air,97358.7,23.1
SHP-0407,intra_europe,3000.0,textiles,high,6.7,0,air,11757.9,3.7
SHP-0408,intra_asia,4802.0,automotive,low,7.04,1,sea,518.4,160.1
SHP-0409,apac_africa,13599.0,consumer_goods,critical,1.34,0,air,8723.3,17.0
SHP-0410,asia_na,12369.0,food,low,0.88,1,sea,174.8,412.3
SHP-0411,na_sa,8404.0,textiles,low,4.1,1,sea,497.3,280.1
SHP-0412,apac_africa,13189.0,food,low,21.16,0,air,149611.6,16.5
SHP-0413,apac_africa,14281.0,raw_materials,low,8.45,1,sea,2158.2,476.0
SHP-0414,intra_asia,4763.0,electronics,high,13.56,0,air,42976.0,6.0
SHP-0415,europe_na,5894.0,electronics,low,13.44,1,sea,1295.8,196.5
SHP-0416,na_sa,6619.0,automotive,low,15.22,0,road,8943.3,132.4
SHP-0417,asia_europe,17506.0,consumer_goods,high,3.32,0,air,25803.3,21.9
SHP-0418,intra_europe,2373.0,textiles,low,0.71,0,air,848.5,3.0
SHP-0419,intra_europe,2629.0,electronics,medium,6.72,0,road,1940.7,52.6
SHP-0420,asia_europe,17691.0,food,high,11.98,0,air,98255.7,22.1
SHP-0421,asia_europe,18379.0,automotive,low,14.13,1,sea,3845.2,612.6
SHP-0422,asia_europe,18546.0,automotive,medium,0.5,0,air,4618.0,23.2
SHP-0423,intra_asia,5469.0,textiles,medium,3.5,1,sea,313.6,182.3
SHP-0424,apac_africa,13888.0,raw_materials,high,7.97,1,sea,2022.1,462.9
SHP-0425,europe_sa,10666.0,electronics,high,7.54,1,sea,1191.0,355.5
SHP-0426,apac_africa,13331.0,consumer_goods,critical,0.83,0,air,5285.6,16.7
SHP-0427,asia_na,12146.0,pharma,critical,9.83,0,air,60878.2,15.2
SHP-0428,europe_sa,10352.0,automotive,low,7.49,1,sea,1349.3,345.1
SHP-0429,europe_na,5908.0,machinery,medium,7.94,1,sea,822.2,196.9
SHP-0430,intra_asia,4170.0,machinery,high,16.72,0,air,43142.5,5.2
SHP-0431,asia_europe,17600.0,pharma,low,26.53,0,air,322530.3,22.0
SHP-0432,na_sa,7369.0,machinery,high,10.38,0,air,41834.8,9.2
SHP-0433,asia_na,12820.0,consumer_goods,low,4.52,1,sea,777.8,427.3
SHP-0434,europe_sa,10199.0,textiles,low,0.96,1,sea,149.4,340.0
SHP-0435,asia_na,12283.0,electronics,low,14.15,1,sea,3062.6,409.4
SHP-0436,europe_sa,10080.0,consumer_goods,low,14.24,1,sea,2103.6,336.0
SHP-0437,europe_sa,9922.0,automotive,low,1.11,1,sea,172.4,330.7
SHP-0438,intra_europe,2405.0,raw_materials,low,25.36,1,sea,885.2,80.2
SHP-0439,apac_africa,14186.0,electronics,high,26.28,0,air,244609.2,17.7
SHP-0440,apac_africa,13665.0,consumer_goods,low,10.32,1,sea,1893.4,455.5
SHP-0441,intra_europe,2801.0,textiles,critical,3.32,1,sea,145.7,93.4
SHP-0442,asia_europe,17852.0,raw_materials,low,12.75,1,sea,3079.2,595.1
SHP-0443,europe_sa,10120.0,pharma,low,21.78,0,air,129999.8,12.6
SHP-0444,apac_africa,13124.0,textiles,medium,56.11,0,air,375857.9,16.4
SHP-0445,asia_na,12117.0,consumer_goods,medium,31.6,0,air,193279.5,15.1
SHP-0446,intra_asia,4744.0,food,critical,12.58,0,air,40125.9,5.9
SHP-0447,asia_europe,18327.0,food,medium,13.58,1,sea,4405.3,610.9
SHP-0448,intra_asia,4740.0,textiles,medium,12.55,1,sea,813.6,158.0
SHP-0449,apac_africa,13822.0,consumer_goods,high,7.29,0,air,67376.1,17.3
SHP-0450,europe_sa,10085.0,electronics,medium,14.43,0,air,88725.8,12.6
SHP-0451,europe_sa,10122.0,machinery,medium,2.0,1,sea,298.2,337.4
SHP-0452,intra_europe,2586.0,pharma,low,0.64,1,sea,24.4,86.2
SHP-0453,europe_sa,10103.0,automotive,high,12.91,1,sea,2337.6,336.8
SHP-0454,na_sa,7493.0,automotive,low,19.47,0,air,100392.8,9.4
SHP-0455,na_sa,8813.0,automotive,high,0.77,0,air,3503.4,11.0
SHP-0456,na_sa,8818.0,machinery,critical,1.07,0,air,4301.1,11.0
SHP-0457,intra_europe,2452.0,machinery,low,1.28,1,sea,39.7,81.7
SHP-0458,europe_na,5794.0,consumer_goods,low,3.18,1,sea,253.1,193.1
SHP-0459,asia_europe,17323.0,pharma,low,19.87,1,sea,4756.0,577.4
SHP-0460,na_sa,8426.0,raw_materials,low,10.43,1,sea,1276.0,280.9
SHP-0461,europe_na,5920.0,automotive,low,20.74,1,sea,1930.0,197.3
SHP-0462,asia_europe,17730.0,machinery,medium,18.01,0,air,159367.4,22.2
SHP-0463,na_sa,8087.0,consumer_goods,high,5.57,0,air,23997.7,10.1
SHP-0464,apac_africa,14373.0,raw_materials,high,5.38,0,air,46351.3,18.0
SHP-0465,na_sa,7643.0,consumer_goods,low,2.62,0,air,12545.9,9.6
SHP-0466,asia_europe,18549.0,raw_materials,low,9.65,1,sea,2910.5,618.3
SHP-0467,europe_sa,10116.0,textiles,low,20.96,1,sea,3695.3,337.2
SHP-0468,apac_africa,12978.0,raw_materials,low,19.18,1,sea,3440.3,432.6
SHP-0469,asia_europe,18260.0,food,low,13.4,1,sea,3678.2,608.7
SHP-0470,asia_na,13265.0,pharma,low,24.54,0,air,197504.6,16.6
SHP-0471,intra_asia,4616.0,electronics,low,1.18,0,road,450.7,92.3
SHP-0472,europe_sa,10351.0,automotive,critical,7.57,0,air,48570.7,12.9
SHP-0473,apac_africa,14686.0,automotive,medium,92.68,0,air,763066.4,18.4
SHP-0474,europe_sa,11012.0,raw_materials,low,4.99,1,sea,866.3,367.1
SHP-0475,asia_europe,18767.0,food,low,0.5,1,sea,140.0,625.6
SHP-0476,europe_sa,9611.0,consumer_goods,low,15.47,1,sea,2453.5,320.4
SHP-0477,apac_africa,14112.0,textiles,high,5.97,0,air,42448.0,17.6
SHP-0478,asia_europe,18139.0,food,medium,31.77,1,sea,7008.1,604.6
SHP-0479,intra_asia,4784.0,consumer_goods,high,3.21,0,air,7825.8,6.0
SHP-0480,europe_na,6604.0,raw_materials,medium,4.58,0,road,3810.4,132.1
SHP-0481,intra_europe,2839.0,pharma,critical,0.5,0,air,846.0,3.5
SHP-0482,na_sa,8695.0,pharma,low,0.99,0,air,4374.7,10.9
SHP-0483,asia_na,12010.0,pharma,low,5.59,0,air,32566.8,15.0
SHP-0484,asia_europe,18399.0,automotive,low,41.33,1,sea,11121.1,613.3
SHP-0485,asia_na,12132.0,consumer_goods,medium,28.17,0,air,217147.8,15.2
SHP-0486,apac_africa,13902.0,electronics,medium,6.36,1,sea,1650.6,463.4
SHP-0487,intra_europe,2097.0,consumer_goods,medium,3.8,0,air,4469.6,2.6
SHP-0488,asia_europe,18113.0,food,high,9.1,0,air,93851.5,22.6
SHP-0489,asia_na,12208.0,electronics,low,1.49,1,sea,307.3,406.9
SHP-0490,apac_africa,13544.0,textiles,medium,12.84,0,air,95576.1,16.9
SHP-0491,asia_europe,18407.0,machinery,medium,7.48,1,sea,2377.1,613.6
SHP-0492,intra_asia,5161.0,machinery,high,0.5,0,air,1454.5,6.5
SHP-0493,intra_europe,2646.0,consumer_goods,low,33.43,0,road,8481.1,52.9
SHP-0494,na_sa,7651.0,machinery,low,0.65,0,road,480.0,153.0
SHP-0495,na_sa,7462.0,machinery,low,20.82,0,road,15277.4,149.2
SHP-0496,apac_africa,13408.0,raw_materials,medium,7.9,0,air,54537.9,16.8
SHP-0497,na_sa,8115.0,food,low,7.37,1,sea,998.9,270.5
SHP-0498,europe_sa,9733.0,automotive,medium,0.5,0,air,2687.1,12.2
SHP-0499,europe_sa,10594.0,pharma,medium,15.05,1,sea,2565.8,353.1
SHP-0500,na_sa,8775.0,automotive,medium,0.96,1,sea,132.1,292.5
SHP-0501,apac_africa,13682.0,automotive,low,1.34,1,sea,248.7,456.1
SHP-0502,asia_na,11119.0,automotive,low,2.41,1,sea,464.4,370.6
SHP-0503,europe_sa,9781.0,consumer_goods,high,9.77,0,air,52472.4,12.2
SHP-0504,europe_na,5562.0,machinery,high,32.67,0,air,101201.8,7.0
SHP-0505,asia_europe,17749.0,raw_materials,medium,13.58,1,sea,3945.4,591.6
SHP-0506,europe_na,6151.0,raw_materials,medium,22.35,1,sea,2102.3,205.0
SHP-0507,na_sa,6578.0,automotive,medium,8.66,1,sea,898.7,219.3
SHP-0508,apac_africa,14077.0,machinery,low,46.0,0,air,369371.9,17.6
SHP-0509,asia_europe,18226.0,consumer_goods,high,35.19,0,air,389349.1,22.8
SHP-0510,europe_na,6743.0,electronics,medium,12.93,0,air,55818.2,8.4
SHP-0511,na_sa,7948.0,automotive,medium,2.1,1,sea,215.3,264.9
SHP-0512,asia_europe,18327.0,raw_materials,low,1.27,1,sea,393.2,610.9
SHP-0513,intra_europe,2210.0,textiles,low,21.62,0,air,24193.1,2.8
SHP-0514,apac_africa,13921.0,textiles,low,10.5,1,sea,2465.5,464.0
SHP-0515,na_sa,8412.0,pharma,low,43.7,0,air,181298.0,10.5
SHP-0516,europe_na,6782.0,automotive,low,9.58,1,sea,993.6,226.1
SHP-0517,europe_sa,9766.0,electronics,low,20.4,0,air,94045.4,12.2
SHP-0518,intra_europe,2571.0,food,low,2.85,0,air,4010.3,3.2
SHP-0519,intra_asia,4939.0,automotive,medium,2.11,0,road,1267.0,98.8
SHP-0520,intra_europe,3343.0,automotive,low,6.3,1,sea,279.5,111.4
SHP-0521,intra_europe,1612.0,machinery,low,12.31,1,sea,361.3,53.7
SHP-0522,intra_europe,2132.0,textiles,medium,3.3,0,road,750.0,42.6
SHP-0523,intra_europe,2734.0,raw_materials,medium,3.79,1,sea,205.3,91.1
SHP-0524,asia_na,11483.0,machinery,high,12.93,0,air,94192.4,14.4
SHP-0525,europe_na,5158.0,machinery,low,9.97,0,air,29845.9,6.4
SHP-0526,europe_na,5671.0,food,high,0.5,0,air,1321.0,7.1
SHP-0527,asia_europe,17297.0,automotive,low,17.4,1,sea,5194.8,576.6
SHP-0528,intra_europe,2431.0,machinery,medium,22.52,0,road,5709.0,48.6
SHP-0529,asia_na,12342.0,electronics,medium,16.5,1,sea,2652.5,411.4
SHP-0530,apac_africa,13820.0,machinery,low,15.9,1,sea,3307.2,460.7
SHP-0531,asia_na,11500.0,machinery,low,1.02,1,sea,149.7,383.3
SHP-0532,intra_europe,2845.0,pharma,low,4.21,0,road,1096.8,56.9
SHP-0533,intra_europe,1916.0,automotive,medium,0.86,1,sea,26.7,63.9
SHP-0534,europe_sa,10188.0,raw_materials,low,15.05,1,sea,2415.2,339.6
SHP-0535,apac_africa,14437.0,pharma,critical,4.21,1,sea,840.0,481.2
SHP-0536,europe_na,5888.0,textiles,medium,0.5,0,air,1801.0,7.4
SHP-0537,europe_sa,9958.0,food,low,6.17,0,air,31902.1,12.4
SHP-0538,na_sa,8292.0,raw_materials,low,9.33,0,air,45608.6,10.4
SHP-0539,europe_na,6062.0,automotive,medium,5.74,0,air,18688.5,7.6
SHP-0540,na_sa,7434.0,consumer_goods,low,52.43,1,sea,6038.6,247.8
SHP-0541,asia_na,11019.0,food,low,6.18,0,air,39998.9,13.8
SHP-0542,intra_asia,4507.0,pharma,low,10.37,0,road,5572.7,90.1
SHP-0543,intra_europe,2559.0,food,low,4.02,0,road,1169.7,51.2
SHP-0544,europe_na,6140.0,machinery,low,7.81,1,sea,691.7,204.7
SHP-0545,intra_europe,3009.0,textiles,medium,9.43,1,sea,467.6,100.3
SHP-0546,europe_na,6020.0,textiles,medium,3.49,1,sea,348.2,200.7
SHP-0547,asia_europe,18019.0,pharma,high,5.45,0,air,55810.1,22.5
SHP-0548,asia_europe,18505.0,pharma,low,29.08,1,sea,8042.4,616.8
SHP-0549,asia_europe,18313.0,automotive,medium,6.38,0,air,60808.5,22.9
SHP-0550,na_sa,8385.0,electronics,low,0.77,1,sea,90.5,279.5
SHP-0551,europe_sa,9999.0,textiles,medium,5.26,1,sea,676.7,333.3
SHP-0552,apac_africa,14757.0,raw_materials,medium,0.76,0,air,7822.4,18.4
SHP-0553,europe_sa,9852.0,machinery,medium,11.05,0,air,58242.8,12.3
SHP-0554,intra_europe,2081.0,pharma,low,15.91,0,air,18515.0,2.6
SHP-0555,europe_sa,9615.0,consumer_goods,low,19.5,1,sea,2435.8,320.5
SHP-0556,europe_na,5454.0,pharma,low,1.86,1,sea,154.5,181.8
SHP-0557,intra_europe,2744.0,raw_materials,high,10.6,0,air,15708.1,3.4
SHP-0558,europe_na,5304.0,automotive,critical,1.59,0,air,5251.1,6.6
SHP-0559,intra_asia,5771.0,consumer_goods,medium,8.72,0,road,5027.2,115.4
SHP-0560,asia_europe,18199.0,raw_materials,low,48.56,1,sea,14678.8,606.6
SHP-0561,asia_europe,17034.0,machinery,medium,5.75,1,sea,1626.2,567.8
SHP-0562,europe_na,6809.0,machinery,medium,0.59,0,road,422.1,136.2
SHP-0563,asia_europe,17617.0,machinery,high,11.98,0,air,123010.0,22.0
SHP-0564,na_sa,8281.0,automotive,medium,2.99,0,air,14018.4,10.4
SHP-0565,intra_asia,5217.0,food,high,8.89,0,air,28232.9,6.5
SHP-0566,na_sa,8216.0,food,low,0.63,1,sea,77.4,273.9
SHP-0567,europe_na,5828.0,machinery,low,8.46,1,sea,665.3,194.3
SHP-0568,na_sa,8100.0,electronics,medium,38.56,1,sea,4145.2,270.0
SHP-0569,europe_sa,8675.0,machinery,critical,22.15,0,air,98974.3,10.8
SHP-0570,intra_europe,2892.0,pharma,low,54.68,0,road,15028.0,57.8
SHP-0571,intra_asia,4869.0,textiles,low,13.32,1,sea,942.5,162.3
SHP-0572,na_sa,8891.0,pharma,low,2.34,1,sea,351.0,296.4
SHP-0573,apac_africa,14265.0,automotive,low,3.24,1,sea,635.4,475.5
SHP-0574,na_sa,8202.0,food,medium,30.68,1,sea,3338.1,273.4
SHP-0575,asia_europe,18495.0,automotive,low,24.89,1,sea,6547.7,616.5
SHP-0576,asia_europe,18683.0,raw_materials,low,19.26,1,sea,6191.8,622.8
SHP-0577,intra_europe,2114.0,pharma,high,24.16,0,air,32824.3,2.6
SHP-0578,asia_na,11725.0,raw_materials,medium,8.8,0,air,56197.6,14.7
SHP-0579,apac_africa,13135.0,food,critical,2.8,0,air,24023.4,16.4
SHP-0580,europe_na,6368.0,food,medium,10.28,1,sea,1079.9,212.3
SHP-0581,na_sa,7468.0,consumer_goods,high,0.5,0,air,2224.2,9.3
SHP-0582,intra_europe,1979.0,food,medium,19.09,0,rail,1227.8,33.0
SHP-0583,na_sa,8295.0,pharma,medium,8.65,0,air,33197.6,10.4
SHP-0584,europe_sa,9899.0,raw_materials,low,10.55,0,air,53160.5,12.4
SHP-0585,europe_na,5555.0,consumer_goods,medium,27.23,1,sea,2080.5,185.2
SHP-0586,intra_europe,2614.0,consumer_goods,medium,19.94,0,road,5797.4,52.3
SHP-0587,asia_europe,17528.0,consumer_goods,low,3.4,1,sea,911.4,584.3
SHP-0588,europe_sa,9656.0,electronics,low,1.1,1,sea,165.9,321.9
SHP-0589,intra_europe,2373.0,food,high,0.5,0,air,708.9,3.0
SHP-0590,asia_europe,17485.0,automotive,low,26.08,1,sea,6839.5,582.8
SHP-0591,asia_na,12031.0,pharma,critical,15.28,0,air,117526.7,15.0
SHP-0592,apac_africa,13804.0,raw_materials,low,2.99,1,sea,707.1,460.1
SHP-0593,apac_africa,13093.0,pharma,high,17.13,0,air,116069.0,16.4
SHP-0594,na_sa,8606.0,food,critical,4.34,0,air,23511.2,10.8
SHP-0595,asia_europe,17778.0,automotive,low,13.37,1,sea,3577.8,592.6
SHP-0596,asia_na,11593.0,textiles,medium,12.44,0,air,78948.1,14.5
SHP-0597,europe_na,6005.0,raw_materials,high,28.8,0,air,104667.3,7.5
SHP-0598,na_sa,7725.0,textiles,critical,5.67,0,air,21441.0,9.7
SHP-0599,na_sa,8401.0,machinery,low,19.85,0,air,85072.9,10.5
SHP-0600,intra_asia,5156.0,pharma,low,14.07,0,road,7149.7,103.1
SHP-0601,asia_europe,17430.0,automotive,low,4.49,1,sea,1399.9,581.0
SHP-0602,europe_sa,9584.0,raw_materials,medium,16.72,0,air,103541.5,12.0
SHP-0603,apac_africa,14316.0,food,high,16.26,0,air,123641.0,17.9
SHP-0604,europe_na,5299.0,automotive,high,7.74,0,air,23326.1,6.6
SHP-0605,asia_europe,18270.0,electronics,low,15.29,1,sea,4666.1,609.0
SHP-0606,europe_na,5617.0,consumer_goods,medium,5.41,0,road,2379.6,112.3
SHP-0607,asia_na,11460.0,automotive,critical,13.64,0,air,76347.5,14.3
SHP-0608,europe_na,6479.0,machinery,high,5.99,0,air,18545.6,8.1
SHP-0609,asia_europe,18094.0,food,medium,6.97,0,air,65289.7,22.6
SHP-0610,intra_asia,4664.0,textiles,low,0.91,1,sea,67.3,155.5
SHP-0611,intra_asia,3786.0,raw_materials,low,20.59,1,sea,1115.0,126.2
SHP-0612,asia_europe,18101.0,raw_materials,medium,65.49,1,sea,21408.2,603.4
SHP-0613,apac_africa,14557.0,electronics,medium,2.98,1,sea,686.5,485.2
SHP-0614,apac_africa,14414.0,food,low,0.84,0,air,7605.2,18.0
SHP-0615,asia_europe,17482.0,food,low,5.64,0,air,63006.4,21.9
SHP-0616,asia_europe,18142.0,raw_materials,low,0.66,1,sea,157.4,604.7
SHP-0617,intra_asia,4953.0,electronics,medium,13.51,0,road,7399.0,99.1
SHP-0618,europe_na,6019.0,pharma,critical,7.92,0,air,28485.9,7.5
SHP-0619,europe_sa,10168.0,electronics,high,1.23,0,air,6757.2,12.7
SHP-0620,europe_na,6156.0,consumer_goods,high,4.94,0,air,14128.5,7.7
SHP-0621,asia_europe,17330.0,raw_materials,medium,4.13,1,sea,1063.4,577.7
SHP-0622,europe_sa,10132.0,electronics,critical,0.75,0,air,4299.4,12.7
SHP-0623,europe_sa,10454.0,consumer_goods,low,12.09,1,sea,1696.6,348.5
SHP-0624,europe_na,5954.0,food,high,2.22,0,air,5808.6,7.4
SHP-0625,apac_africa,13829.0,textiles,high,2.67,1,sea,526.1,461.0
SHP-0626,europe_sa,11068.0,machinery,low,4.46,1,sea,782.7,368.9
SHP-0627,apac_africa,14874.0,automotive,medium,1.1,1,sea,232.1,495.8
SHP-0628,na_sa,8451.0,automotive,low,35.43,1,sea,5283.3,281.7
SHP-0629,asia_europe,19190.0,consumer_goods,high,5.03,0,air,49119.4,24.0
SHP-0630,asia_na,12777.0,automotive,high,11.78,0,air,63402.9,16.0
SHP-0631,asia_europe,18945.0,raw_materials,low,1.93,1,sea,643.5,631.5
SHP-0632,europe_sa,9783.0,textiles,low,4.28,1,sea,615.2,326.1
SHP-0633,asia_europe,18803.0,pharma,low,7.6,0,air,72313.2,23.5
SHP-0634,intra_europe,1210.0,electronics,medium,0.5,0,road,53.9,24.2
SHP-0635,intra_asia,4649.0,electronics,low,1.91,1,sea,116.0,155.0
SHP-0636,intra_asia,4841.0,pharma,low,4.41,0,air,14711.9,6.1
SHP-0637,apac_africa,13516.0,machinery,high,9.69,0,air,68795.9,16.9
SHP-0638,apac_africa,14403.0,electronics,low,17.12,1,sea,4023.0,480.1
SHP-0639,intra_europe,3336.0,pharma,low,3.57,0,air,7903.1,4.2
SHP-0640,intra_europe,3477.0,raw_materials,critical,7.06,0,air,13056.0,4.3
SHP-0641,asia_na,11095.0,pharma,high,5.02,0,air,35981.6,13.9
SHP-0642,europe_na,5168.0,pharma,high,22.38,0,air,58097.1,6.5
SHP-0643,asia_na,11921.0,consumer_goods,high,5.3,0,air,30816.4,14.9
SHP-0644,asia_europe,17830.0,raw_materials,low,16.57,1,sea,4050.9,594.3
SHP-0645,intra_europe,1318.0,machinery,medium,7.73,0,road,1158.3,26.4
SHP-0646,apac_africa,14571.0,food,low,0.5,1,sea,138.3,485.7
SHP-0647,na_sa,7465.0,consumer_goods,medium,1.99,0,road,1516.5,149.3
SHP-0648,asia_na,11874.0,textiles,low,12.55,1,sea,2743.5,395.8
SHP-0649,europe_sa,9217.0,consumer_goods,medium,23.13,1,sea,3881.8,307.2
SHP-0650,europe_na,5883.0,food,low,6.75,1,sea,631.8,196.1
SHP-0651,intra_asia,5078.0,consumer_goods,low,9.84,0,road,4551.2,101.6
SHP-0652,europe_sa,10449.0,raw_materials,medium,3.6,1,sea,588.8,348.3
SHP-0653,asia_europe,18290.0,electronics,medium,11.01,1,sea,3050.5,609.7
SHP-0654,europe_sa,10092.0,textiles,critical,17.24,0,air,91655.9,12.6
SHP-0655,europe_na,5776.0,pharma,medium,9.03,0,road,4788.6,115.5
SHP-0656,intra_europe,2918.0,machinery,medium,12.89,0,air,20821.0,3.6
SHP-0657,asia_na,11243.0,machinery,high,0.5,0,air,2872.0,14.1
SHP-0658,na_sa,7701.0,textiles,low,43.11,1,sea,5347.8,256.7
SHP-0659,europe_sa,9235.0,machinery,low,1.35,0,air,5546.8,11.5
SHP-0660,europe_na,6359.0,machinery,low,10.32,1,sea,826.5,212.0
SHP-0661,intra_europe,1548.0,automotive,low,6.91,0,road,1002.2,31.0
SHP-0662,asia_na,12500.0,food,medium,4.85,1,sea,819.9,416.7
SHP-0663,intra_europe,2248.0,electronics,critical,42.11,0,air,51314.8,2.8
SHP-0664,apac_africa,14600.0,machinery,medium,7.89,0,air,60310.9,18.2
SHP-0665,asia_europe,17914.0,electronics,medium,29.27,0,air,287401.8,22.4
SHP-0666,intra_asia,4468.0,consumer_goods,medium,8.68,1,sea,480.3,148.9
SHP-0667,intra_europe,3066.0,pharma,low,13.79,0,road,3799.5,61.3
SHP-0668,apac_africa,14387.0,automotive,high,12.55,0,air,109453.1,18.0
SHP-0669,intra_asia,5438.0,consumer_goods,critical,17.15,0,air,47846.4,6.8
SHP-0670,apac_africa,13809.0,pharma,low,11.5,1,sea,2178.1,460.3
SHP-0671,apac_africa,13815.0,automotive,low,1.68,1,sea,357.5,460.5
SHP-0672,intra_europe,2699.0,machinery,low,7.08,0,road,1720.0,54.0
SHP-0673,intra_europe,3352.0,pharma,high,1.72,0,air,3317.1,4.2
SHP-0674,asia_na,12683.0,textiles,critical,3.87,0,air,29479.6,15.9
SHP-0675,apac_africa,13568.0,raw_materials,low,4.36,0,air,32118.7,17.0
SHP-0676,apac_africa,13497.0,machinery,high,6.84,0,air,42414.5,16.9
SHP-0677,europe_na,7030.0,machinery,high,6.01,0,air,24019.3,8.8
SHP-0678,na_sa,8213.0,pharma,low,7.72,1,sea,916.4,273.8
SHP-0679,apac_africa,14898.0,machinery,medium,13.11,1,sea,3338.1,496.6
SHP-0680,asia_europe,17232.0,electronics,medium,12.99,1,sea,3376.0,574.4
SHP-0681,apac_africa,14075.0,automotive,critical,15.16,0,air,119511.7,17.6
SHP-0682,na_sa,8347.0,raw_materials,low,40.83,1,sea,4473.9,278.2
SHP-0683,asia_europe,18313.0,machinery,high,9.79,1,sea,3260.9,610.4
SHP-0684,intra_asia,5036.0,food,high,4.36,0,air,9441.4,6.3
SHP-0685,intra_europe,2402.0,machinery,low,53.2,0,air,78916.2,3.0
SHP-0686,asia_na,11614.0,consumer_goods,low,1.22,1,sea,188.8,387.1
SHP-0687,intra_asia,4943.0,electronics,high,1.73,0,air,5020.4,6.2
SHP-0688,europe_sa,9098.0,machinery,low,17.22,0,air,84700.8,11.4
SHP-0689,asia_europe,18448.0,automotive,low,11.46,0,air,138091.9,23.1
SHP-0690,na_sa,8033.0,electronics,critical,1.85,0,air,7507.8,10.0
SHP-0691,intra_asia,5277.0,food,low,10.37,1,sea,773.8,175.9
SHP-0692,na_sa,7721.0,pharma,low,1.09,1,sea,148.9,257.4
SHP-0693,na_sa,7270.0,electronics,critical,0.5,0,air,2286.2,9.1
SHP-0694,na_sa,8977.0,textiles,medium,0.5,1,sea,72.1,299.2
SHP-0695,intra_europe,2104.0,machinery,low,9.27,0,road,1834.3,42.1
SHP-0696,europe_sa,9741.0,food,medium,55.61,0,air,287575.8,12.2
SHP-0697,apac_africa,14089.0,textiles,low,19.93,1,sea,3499.8,469.6
SHP-0698,asia_europe,17722.0,consumer_goods,medium,8.59,1,sea,2657.0,590.7
SHP-0699,europe_na,6486.0,electronics,medium,24.3,0,road,16454.5,129.7
SHP-0700,asia_na,11804.0,electronics,high,3.36,0,air,25042.7,14.8
SHP-0701,intra_asia,5979.0,automotive,critical,7.03,0,air,24086.0,7.5
SHP-0702,europe_sa,9713.0,food,low,0.61,1,sea,84.5,323.8
SHP-0703,asia_europe,18043.0,machinery,medium,10.31,0,air,103257.3,22.6
SHP-0704,europe_sa,9960.0,machinery,low,10.88,0,air,48474.0,12.5
SHP-0705,intra_europe,2980.0,food,medium,2.94,0,road,789.9,59.6
SHP-0706,intra_europe,1741.0,food,medium,1.61,0,road,258.2,34.8
SHP-0707,intra_asia,4429.0,raw_materials,critical,37.12,0,air,84638.8,5.5
SHP-0708,apac_africa,13556.0,consumer_goods,medium,18.05,0,air,164638.8,16.9
SHP-0709,europe_na,5453.0,electronics,low,14.51,1,sea,1208.2,181.8
SHP-0710,intra_europe,2612.0,raw_materials,low,20.03,1,sea,781.9,87.1
SHP-0711,apac_africa,14570.0,machinery,low,16.72,1,sea,3889.8,485.7
SHP-0712,europe_na,6065.0,raw_materials,high,10.11,0,air,31812.8,7.6
SHP-0713,apac_africa,13976.0,food,low,2.41,1,sea,475.2,465.9
SHP-0714,asia_na,12971.0,automotive,critical,24.27,0,air,138747.7,16.2
SHP-0715,europe_sa,10302.0,pharma,low,12.39,0,air,72758.6,12.9
SHP-0716,intra_europe,2904.0,food,low,12.23,1,sea,517.3,96.8
SHP-0717,na_sa,7479.0,textiles,medium,19.02,1,sea,1805.9,249.3
SHP-0718,europe_na,7546.0,food,medium,1.35,0,road,1079.5,150.9
SHP-0719,apac_africa,13310.0,food,low,3.57,1,sea,707.1,443.7
SHP-0720,europe_sa,10584.0,food,high,14.87,1,sea,2560.7,352.8
SHP-0721,intra_asia,4889.0,automotive,critical,3.67,0,air,11745.4,6.1
SHP-0722,asia_europe,17769.0,raw_materials,critical,0.81,0,air,7926.6,22.2
SHP-0723,asia_europe,19482.0,pharma,critical,29.14,0,air,284273.3,24.4
SHP-0724,europe_na,6602.0,electronics,medium,7.6,0,road,4892.3,132.0
SHP-0725,europe_sa,9900.0,consumer_goods,low,7.8,1,sea,1294.6,330.0
SHP-0726,intra_asia,4467.0,machinery,low,1.61,0,air,4408.8,5.6
SHP-0727,intra_europe,2498.0,machinery,medium,20.66,0,road,6011.1,50.0
SHP-0728,europe_na,5633.0,automotive,low,1.29,0,road,728.7,112.7
SHP-0729,intra_europe,3732.0,machinery,low,9.49,1,sea,601.8,124.4
SHP-0730,intra_asia,5320.0,food,low,0.7,0,road,327.1,106.4
SHP-0731,intra_europe,2417.0,food,low,5.16,0,air,5832.9,3.0
SHP-0732,europe_na,6353.0,consumer_goods,high,13.5,0,air,44753.4,7.9
SHP-0733,europe_na,5452.0,electronics,high,39.48,0,air,114163.0,6.8
SHP-0734,europe_sa,10491.0,machinery,medium,18.25,0,air,110361.8,13.1
SHP-0735,intra_europe,2483.0,consumer_goods,low,12.27,0,road,2897.5,49.7
SHP-0736,europe_sa,10315.0,automotive,low,3.22,1,sea,564.7,343.8
SHP-0737,asia_europe,18332.0,textiles,low,2.05,1,sea,572.4,611.1
SHP-0738,na_sa,8441.0,food,medium,49.69,0,air,219725.1,10.6
SHP-0739,asia_na,11167.0,electronics,high,1.31,0,air,9261.7,14.0
SHP-0740,na_sa,8124.0,food,critical,13.55,0,air,51309.9,10.2
SHP-0741,apac_africa,13735.0,automotive,low,6.6,1,sea,1285.4,457.8
SHP-0742,europe_sa,10843.0,food,low,2.19,0,air,14604.4,13.6
SHP-0743,asia_na,11840.0,machinery,medium,13.77,0,air,80801.3,14.8
SHP-0744,europe_sa,9870.0,pharma,medium,21.43,0,air,99020.6,12.3
SHP-0745,intra_europe,2493.0,electronics,critical,13.93,0,air,21335.1,3.1
SHP-0746,europe_na,6252.0,machinery,low,11.95,1,sea,1102.5,208.4
SHP-0747,europe_na,5557.0,consumer_goods,critical,2.31,0,air,7871.0,6.9
SHP-0748,asia_europe,18531.0,raw_materials,critical,12.03,0,air,114876.3,23.2
SHP-0749,apac_africa,14324.0,pharma,medium,1.9,0,air,14646.4,17.9
SHP-0750,europe_sa,10409.0,pharma,high,88.07,1,sea,13067.0,347.0
SHP-0751,europe_sa,9444.0,consumer_goods,medium,19.02,1,sea,3334.0,314.8
SHP-0752,asia_europe,18037.0,textiles,low,3.8,1,sea,1004.3,601.2
SHP-0753,europe_sa,9900.0,textiles,medium,6.46,1,sea,1099.5,330.0
SHP-0754,na_sa,8202.0,automotive,medium,31.7,0,air,156280.6,10.3
SHP-0755,asia_na,12079.0,consumer_goods,low,5.38,1,sea,825.8,402.6
SHP-0756,europe_sa,9153.0,textiles,medium,20.32,0,air,119471.0,11.4
SHP-0757,asia_na,11511.0,machinery,medium,1.87,1,sea,287.9,383.7
SHP-0758,europe_sa,9805.0,textiles,high,4.63,0,air,20680.9,12.3
SHP-0759,asia_europe,18307.0,textiles,medium,17.24,1,sea,3863.8,610.2
SHP-0760,apac_africa,13514.0,textiles,medium,0.5,1,sea,122.7,450.5
SHP-0761,europe_na,5818.0,consumer_goods,high,10.65,0,air,32748.6,7.3
SHP-0762,intra_europe,2565.0,food,low,24.21,0,road,6111.7,51.3
SHP-0763,asia_na,12035.0,consumer_goods,medium,10.01,0,air,82030.4,15.0
SHP-0764,europe_sa,10397.0,electronics,medium,3.39,0,air,20101.8,13.0
SHP-0765,europe_sa,10373.0,raw_materials,medium,1.66,1,sea,228.6,345.8
SHP-0766,intra_asia,4340.0,automotive,low,2.16,1,sea,163.5,144.7
SHP-0767,europe_na,5838.0,textiles,medium,4.03,0,air,15321.0,7.3
SHP-0768,intra_europe,2411.0,electronics,medium,11.44,0,air,13295.5,3.0
SHP-0769,intra_asia,4310.0,raw_materials,high,13.85,0,air,29948.4,5.4
SHP-0770,europe_sa,9898.0,electronics,critical,5.01,0,air,24025.9,12.4
SHP-0771,europe_sa,9863.0,food,low,18.73,0,air,92652.5,12.3
SHP-0772,europe_na,6394.0,raw_materials,high,19.99,0,air,84147.6,8.0
SHP-0773,europe_sa,9724.0,pharma,high,28.6,0,air,180375.7,12.2
SHP-0774,intra_europe,2225.0,raw_materials,high,22.78,0,air,33987.0,2.8
SHP-0775,europe_na,5011.0,automotive,medium,12.43,1,sea,1168.6,167.0
SHP-0776,na_sa,7149.0,consumer_goods,medium,32.31,0,road,19756.3,143.0
SHP-0777,intra_asia,5142.0,food,low,13.84,0,road,7451.5,102.8
SHP-0778,asia_europe,18076.0,food,high,11.4,1,sea,3909.2,602.5
SHP-0779,intra_europe,2737.0,automotive,low,19.54,0,road,5887.4,54.7
SHP-0780,apac_africa,14313.0,consumer_goods,medium,9.48,1,sea,2069.1,477.1
SHP-0781,intra_asia,5057.0,consumer_goods,high,1.66,0,air,4115.2,6.3
SHP-0782,intra_asia,4705.0,food,low,15.01,0,air,45428.9,5.9
SHP-0783,asia_na,11496.0,food,high,1.34,0,air,9568.6,14.4
SHP-0784,asia_europe,16893.0,machinery,medium,6.01,0,air,55976.5,21.1
SHP-0785,intra_asia,4716.0,electronics,high,6.2,0,air,17323.2,5.9
SHP-0786,asia_europe,18317.0,electronics,low,3.28,0,air,35343.6,22.9
SHP-0787,asia_na,11900.0,electronics,low,4.68,1,sea,817.3,396.7
SHP-0788,intra_europe,3018.0,textiles,low,3.58,1,sea,154.0,100.6
SHP-0789,intra_europe,2333.0,food,low,6.51,0,air,8835.7,2.9
SHP-0790,europe_sa,10079.0,food,high,2.65,0,air,14866.8,12.6
SHP-0791,asia_na,11347.0,food,low,2.36,1,sea,347.6,378.2
SHP-0792,apac_africa,14110.0,textiles,low,30.81,1,sea,5852.2,470.3
SHP-0793,asia_na,10476.0,consumer_goods,low,13.38,1,sea,1831.0,349.2
SHP-0794,europe_na,6549.0,electronics,high,8.55,0,air,27291.0,8.2
SHP-0795,na_sa,7463.0,food,medium,0.97,1,sea,98.8,248.8
SHP-0796,intra_europe,2171.0,textiles,high,7.54,0,air,8127.4,2.7
SHP-0797,intra_asia,5161.0,raw_materials,medium,8.02,0,road,4252.8,103.2
SHP-0798,intra_europe,2773.0,consumer_goods,low,0.5,0,road,119.5,55.5
SHP-0799,europe_sa,10408.0,consumer_goods,low,5.59,1,sea,890.4,346.9
SHP-0800,asia_europe,18156.0,food,low,0.65,0,air,5261.3,22.7
SHP-0801,europe_na,5077.0,automotive,medium,2.83,1,sea,266.5,169.2
SHP-0802,intra_europe,2142.0,textiles,low,14.35,0,road,3576.1,42.8
SHP-0803,europe_na,5522.0,machinery,high,2.82,1,sea,260.6,184.1
SHP-0804,na_sa,8027.0,machinery,low,35.45,1,sea,4331.9,267.6
SHP-0805,asia_na,12329.0,raw_materials,low,6.15,1,sea,1340.9,411.0
SHP-0806,asia_europe,18076.0,automotive,low,1.97,1,sea,535.2,602.5
SHP-0807,intra_europe,2267.0,automotive,medium,1.55,0,road,368.1,45.3
SHP-0808,na_sa,7911.0,pharma,low,5.71,0,road,4869.2,158.2
SHP-0809,europe_na,6802.0,automotive,low,9.43,0,road,6451.7,136.0
SHP-0810,apac_africa,14060.0,automotive,low,4.94,1,sea,986.8,468.7
SHP-0811,europe_na,5964.0,raw_materials,low,44.15,0,road,33038.8,119.3
SHP-0812,europe_na,6361.0,textiles,low,31.64,1,sea,3100.9,212.0
SHP-0813,asia_na,12699.0,raw_materials,low,21.04,1,sea,4834.2,423.3
SHP-0814,europe_na,5497.0,consumer_goods,high,6.79,0,air,18523.2,6.9
SHP-0815,apac_africa,13462.0,raw_materials,low,15.47,1,sea,3693.6,448.7
SHP-0816,apac_africa,14024.0,raw_materials,low,7.03,1,sea,1433.5,467.5
SHP-0817,apac_africa,14544.0,electronics,medium,13.33,1,sea,2797.7,484.8
SHP-0818,intra_europe,2637.0,machinery,medium,0.5,0,road,128.0,52.7
SHP-0819,asia_europe,17202.0,electronics,critical,6.31,0,air,46525.2,21.5
SHP-0820,asia_europe,17971.0,pharma,medium,3.34,0,air,30394.9,22.5
SHP-0821,apac_africa,14175.0,pharma,low,12.44,0,air,111647.9,17.7
SHP-0822,intra_europe,2599.0,food,critical,10.88,0,air,13382.6,3.2
SHP-0823,intra_europe,2356.0,machinery,medium,7.35,0,road,1625.0,47.1
SHP-0824,apac_africa,14046.0,automotive,medium,10.47,1,sea,2091.9,468.2
SHP-0825,na_sa,7393.0,consumer_goods,critical,2.82,1,sea,354.7,246.4
SHP-0826,na_sa,8522.0,automotive,medium,11.88,0,air,66024.4,10.7
SHP-0827,intra_asia,4867.0,consumer_goods,medium,16.64,0,road,8137.0,97.3
SHP-0828,europe_sa,9906.0,pharma,high,13.83,0,air,73461.1,12.4
SHP-0829,intra_europe,2553.0,consumer_goods,low,4.53,0,road,1018.0,51.1
SHP-0830,intra_europe,2214.0,automotive,low,6.64,1,sea,251.0,73.8
SHP-0831,asia_na,11673.0,pharma,medium,0.72,1,sea,131.7,389.1
SHP-0832,europe_sa,9640.0,electronics,low,10.72,0,air,71979.0,12.1
SHP-0833,apac_africa,13596.0,raw_materials,medium,9.65,1,sea,1758.9,453.2
SHP-0834,apac_africa,14515.0,consumer_goods,high,0.5,0,air,4354.2,18.1
SHP-0835,europe_na,5447.0,textiles,medium,22.07,0,road,12702.0,108.9
SHP-0836,europe_sa,9680.0,food,medium,0.5,0,air,2545.5,12.1
SHP-0837,intra_europe,3448.0,food,medium,0.88,0,road,325.0,69.0
SHP-0838,asia_na,12703.0,electronics,high,31.03,0,air,190814.0,15.9
SHP-0839,europe_sa,10422.0,textiles,medium,11.69,1,sea,1756.0,347.4
SHP-0840,apac_africa,13971.0,textiles,medium,15.05,1,sea,2747.0,465.7
SHP-0841,europe_sa,9706.0,food,low,5.58,1,sea,701.5,323.5
SHP-0842,asia_europe,18051.0,automotive,medium,0.5,1,sea,156.7,601.7
SHP-0843,intra_europe,1646.0,textiles,medium,0.65,0,rail,36.8,27.4
SHP-0844,na_sa,8183.0,automotive,high,47.41,0,air,208056.5,10.2
SHP-0845,europe_na,6286.0,automotive,low,78.52,1,sea,8442.7,209.5
SHP-0846,europe_sa,10476.0,electronics,critical,31.28,1,sea,4226.8,349.2
SHP-0847,na_sa,8000.0,textiles,medium,11.21,1,sea,1606.1,266.7
SHP-0848,intra_asia,5122.0,electronics,low,9.83,0,air,24904.7,6.4
SHP-0849,asia_europe,17911.0,electronics,low,17.18,0,air,149003.6,22.4
SHP-0850,na_sa,8117.0,food,low,10.32,1,sea,1283.5,270.6
SHP-0851,intra_europe,2664.0,automotive,medium,9.91,1,sea,333.5,88.8
SHP-0852,intra_europe,2605.0,raw_materials,critical,3.79,0,air,5710.2,3.3
SHP-0853,asia_europe,18323.0,raw_materials,low,13.27,1,sea,3748.8,610.8
SHP-0854,asia_europe,17507.0,electronics,medium,4.31,1,sea,1245.4,583.6
SHP-0855,europe_sa,10394.0,pharma,low,30.42,0,air,178393.7,13.0
SHP-0856,asia_europe,16705.0,machinery,low,9.24,0,air,89678.3,20.9
SHP-0857,na_sa,8099.0,food,low,1.29,0,air,5077.4,10.1
SHP-0858,intra_asia,4328.0,consumer_goods,low,6.26,1,sea,414.9,144.3
SHP-0859,intra_europe,2397.0,machinery,medium,6.37,0,road,1533.7,47.9
SHP-0860,asia_na,11962.0,automotive,medium,1.07,1,sea,206.2,398.7
SHP-0861,europe_na,6800.0,consumer_goods,low,6.34,0,road,4896.4,136.0
SHP-0862,asia_na,11326.0,machinery,low,2.36,1,sea,392.8,377.5
SHP-0863,asia_na,12218.0,consumer_goods,medium,5.11,0,air,43254.5,15.3
SHP-0864,apac_africa,14648.0,raw_materials,low,19.78,1,sea,3702.7,488.3
SHP-0865,na_sa,8970.0,food,low,9.72,0,air,55115.5,11.2
SHP-0866,asia_europe,19420.0,raw_materials,low,5.2,1,sea,1434.7,647.3
SHP-0867,europe_na,5817.0,machinery,high,9.9,0,air,36514.7,7.3
SHP-0868,apac_africa,13223.0,electronics,medium,16.42,1,sea,3339.3,440.8
SHP-0869,asia_na,12185.0,pharma,medium,13.0,0,air,78716.8,15.2
SHP-0870,asia_europe,17275.0,machinery,high,6.44,1,sea,1646.7,575.8
SHP-0871,na_sa,9213.0,textiles,low,21.09,1,sea,2957.2,307.1
SHP-0872,asia_na,12565.0,automotive,medium,3.04,0,air,20531.2,15.7
SHP-0873,intra_europe,3125.0,food,low,3.26,0,air,5235.0,3.9
SHP-0874,intra_europe,2988.0,machinery,critical,13.64,0,air,27359.1,3.7
SHP-0875,asia_europe,17710.0,consumer_goods,low,1.09,1,sea,295.3,590.3
SHP-0876,asia_europe,17638.0,electronics,low,2.15,1,sea,639.6,587.9
SHP-0877,intra_asia,5459.0,food,high,4.77,0,air,18806.2,6.8
SHP-0878,europe_sa,10063.0,textiles,low,16.02,1,sea,2812.9,335.4
SHP-0879,asia_na,11890.0,food,medium,4.56,0,air,32590.5,14.9
SHP-0880,asia_europe,17001.0,machinery,low,6.1,1,sea,1689.5,566.7
SHP-0881,asia_europe,17815.0,machinery,low,1.41,1,sea,374.1,593.8
SHP-0882,europe_na,6289.0,electronics,medium,4.87,0,road,2730.2,125.8
SHP-0883,asia_europe,18526.0,machinery,low,3.22,0,air,38873.9,23.2
SHP-0884,asia_europe,18268.0,machinery,critical,40.5,1,sea,12930.3,608.9
SHP-0885,asia_na,11467.0,electronics,medium,32.18,1,sea,5709.7,382.2
SHP-0886,apac_africa,13909.0,textiles,low,11.58,1,sea,2956.1,463.6
SHP-0887,intra_asia,5796.0,machinery,low,28.82,1,sea,2578.0,193.2
SHP-0888,intra_europe,1231.0,pharma,low,32.17,0,rail,1027.9,20.5
SHP-0889,na_sa,8867.0,electronics,critical,12.06,0,air,68898.0,11.1
SHP-0890,europe_na,5716.0,pharma,low,5.99,1,sea,558.4,190.5
SHP-0891,intra_europe,2253.0,automotive,medium,4.99,0,road,948.9,45.1
SHP-0892,apac_africa,14943.0,food,high,2.77,0,air,22876.3,18.7
SHP-0893,asia_na,13061.0,electronics,critical,31.91,0,air,231627.8,16.3
SHP-0894,europe_sa,10069.0,electronics,low,2.67,1,sea,464.3,335.6
SHP-0895,europe_na,5661.0,pharma,high,22.89,0,air,75380.8,7.1
SHP-0896,intra_asia,4382.0,pharma,low,29.01,0,road,16101.9,87.6
SHP-0897,apac_africa,14148.0,pharma,medium,0.5,0,air,4133.1,17.7
SHP-0898,intra_asia,5345.0,machinery,low,6.68,1,sea,646.7,178.2
SHP-0899,intra_asia,5046.0,machinery,medium,4.45,0,road,2366.3,100.9
SHP-0900,intra_europe,2403.0,consumer_goods,low,3.12,0,air,4493.9,3.0
SHP-0901,apac_africa,14500.0,raw_materials,medium,13.57,0,air,127691.2,18.1
SHP-0902,europe_na,6870.0,raw_materials,low,12.96,1,sea,1184.8,229.0
SHP-0903,europe_sa,10934.0,electronics,medium,6.87,0,air,49487.5,13.7
SHP-0904,europe_sa,10194.0,raw_materials,medium,32.77,0,air,201636.6,12.7
SHP-0905,na_sa,7747.0,food,critical,3.3,0,air,13107.4,9.7
SHP-0906,europe_sa,9894.0,machinery,critical,5.09,0,air,24965.0,12.4
SHP-0907,europe_na,5198.0,textiles,low,5.67,1,sea,351.3,173.3
SHP-0908,intra_europe,1927.0,electronics,high,3.94,0,air,4455.2,2.4
SHP-0909,intra_asia,5375.0,machinery,critical,18.88,0,air,54658.1,6.7
SHP-0910,europe_na,6363.0,consumer_goods,low,13.18,1,sea,1423.4,212.1
SHP-0911,asia_europe,18553.0,raw_materials,low,7.14,1,sea,2136.8,618.4
SHP-0912,intra_europe,2583.0,electronics,low,32.37,0,road,8100.4,51.7
SHP-0913,asia_europe,17921.0,food,medium,31.89,0,air,303548.9,22.4
SHP-0914,asia_na,11943.0,raw_materials,high,29.01,0,air,206353.4,14.9
SHP-0915,intra_europe,3497.0,automotive,medium,0.5,0,air,837.4,4.4
SHP-0916,asia_europe,17913.0,consumer_goods,high,6.8,0,air,72272.7,22.4
SHP-0917,apac_africa,14335.0,raw_materials,low,1.08,1,sea,305.5,477.8
SHP-0918,intra_europe,2210.0,machinery,medium,21.66,1,sea,667.9,73.7
SHP-0919,asia_europe,17704.0,automotive,low,3.37,1,sea,847.1,590.1
SHP-0920,europe_sa,9878.0,textiles,low,8.74,0,air,53226.0,12.3
SHP-0921,asia_europe,18135.0,consumer_goods,medium,25.39,1,sea,6901.1,604.5
SHP-0922,apac_africa,13981.0,machinery,critical,3.99,0,air,31976.4,17.5
SHP-0923,na_sa,8336.0,food,high,3.69,0,air,19750.1,10.4
SHP-0924,apac_africa,14007.0,food,medium,17.63,1,sea,4615.2,466.9
SHP-0925,europe_sa,10163.0,textiles,medium,7.43,1,sea,1267.9,338.8
SHP-0926,asia_na,10552.0,consumer_goods,low,23.57,1,sea,3510.5,351.7
SHP-0927,apac_africa,14547.0,machinery,low,7.76,0,air,67585.1,18.2
SHP-0928,intra_europe,1680.0,pharma,medium,18.17,0,road,3408.8,33.6
SHP-0929,na_sa,7854.0,raw_materials,medium,9.85,0,road,6958.5,157.1
SHP-0930,na_sa,7837.0,food,high,32.34,0,air,140112.0,9.8
SHP-0931,asia_na,11878.0,food,low,6.26,1,sea,1289.8,395.9
SHP-0932,apac_africa,13864.0,food,high,33.31,0,air,302902.8,17.3
SHP-0933,europe_sa,10766.0,machinery,high,42.93,0,air,199827.4,13.5
SHP-0934,europe_sa,10381.0,electronics,medium,0.57,0,air,2825.9,13.0
SHP-0935,intra_europe,2718.0,raw_materials,medium,6.83,0,road,1590.1,54.4
SHP-0936,asia_na,12450.0,raw_materials,medium,23.83,1,sea,5185.2,415.0
SHP-0937,intra_asia,5615.0,raw_materials,critical,4.64,0,air,12294.6,7.0
SHP-0938,na_sa,7670.0,electronics,medium,0.5,0,air,2038.9,9.6
SHP-0939,asia_na,11006.0,machinery,low,39.86,1,sea,5110.3,366.9
SHP-0940,apac_africa,14105.0,food,low,17.04,0,air,134894.4,17.6
SHP-0941,asia_na,12652.0,electronics,medium,4.0,0,air,32046.7,15.8
SHP-0942,intra_asia,5028.0,electronics,medium,2.1,0,air,6094.4,6.3
SHP-0943,intra_asia,4285.0,food,high,0.5,0,air,1405.7,5.4
SHP-0944,asia_europe,16756.0,food,critical,8.97,0,air,78730.1,20.9
SHP-0945,europe_sa,9532.0,consumer_goods,critical,3.39,0,air,18336.4,11.9
SHP-0946,intra_asia,5287.0,raw_materials,low,16.08,1,sea,1304.1,176.2
SHP-0947,apac_africa,13333.0,textiles,medium,5.21,1,sea,914.6,444.4
SHP-0948,europe_na,6015.0,raw_materials,medium,8.06,0,air,25364.3,7.5
SHP-0949,europe_sa,10548.0,textiles,low,0.52,1,sea,88.1,351.6
SHP-0950,asia_na,12112.0,electronics,critical,2.63,0,air,18733.0,15.1
SHP-0951,asia_europe,17430.0,machinery,medium,5.61,1,sea,1666.6,581.0
SHP-0952,intra_asia,5159.0,machinery,medium,1.26,0,air,3030.3,6.4
SHP-0953,europe_na,5342.0,automotive,low,6.77,1,sea,624.7,178.1
SHP-0954,na_sa,8929.0,automotive,low,44.69,1,sea,6347.8,297.6
SHP-0955,apac_africa,14691.0,food,low,2.13,0,air,20672.5,18.4
SHP-0956,asia_europe,18465.0,pharma,medium,6.22,1,sea,1478.3,615.5
SHP-0957,intra_europe,1454.0,electronics,medium,6.62,0,road,1093.8,29.1
SHP-0958,intra_asia,5397.0,textiles,low,1.08,0,air,3563.9,6.7
SHP-0959,asia_na,11528.0,food,low,1.27,1,sea,243.1,384.3
SHP-0960,apac_africa,13512.0,consumer_goods,low,2.83,1,sea,691.9,450.4
SHP-0961,intra_asia,4866.0,machinery,medium,4.98,0,road,2447.6,97.3
SHP-0962,intra_asia,4785.0,machinery,medium,3.74,0,road,2198.4,95.7
SHP-0963,intra_europe,2673.0,textiles,low,5.61,0,road,1703.4,53.5
SHP-0964,europe_sa,9461.0,food,low,24.56,0,air,132899.0,11.8
SHP-0965,intra_asia,4890.0,textiles,low,1.79,1,sea,134.2,163.0
SHP-0966,apac_africa,14261.0,consumer_goods,critical,10.97,0,air,75134.5,17.8
SHP-0967,europe_sa,9553.0,pharma,high,0.98,0,air,6057.4,11.9
SHP-0968,intra_europe,2443.0,pharma,high,1.6,0,air,2312.5,3.1
SHP-0969,asia_na,11436.0,consumer_goods,medium,31.99,0,air,251136.5,14.3
SHP-0970,na_sa,6943.0,machinery,low,18.56,1,sea,1878.1,231.4
SHP-0971,asia_europe,18162.0,machinery,low,11.38,1,sea,3248.1,605.4
SHP-0972,intra_asia,4181.0,food,low,3.05,0,road,1361.6,83.6
SHP-0973,na_sa,8246.0,food,low,2.56,1,sea,326.5,274.9
SHP-0974,asia_na,11212.0,pharma,high,14.61,0,air,88348.3,14.0
SHP-0975,intra_europe,2550.0,food,medium,2.51,0,road,767.1,51.0
SHP-0976,apac_africa,14039.0,automotive,high,8.33,0,air,74267.5,17.5
SHP-0977,apac_africa,14474.0,machinery,low,9.38,1,sea,2159.1,482.5
SHP-0978,apac_africa,13296.0,pharma,high,29.82,0,air,231304.1,16.6
SHP-0979,intra_asia,5473.0,textiles,medium,13.49,1,sea,1297.1,182.4
SHP-0980,europe_na,5457.0,electronics,high,15.49,0,air,45804.5,6.8
SHP-0981,europe_na,5762.0,machinery,critical,3.96,0,air,12115.5,7.2
SHP-0982,intra_asia,5280.0,food,medium,2.5,0,air,6616.7,6.6
SHP-0983,europe_na,6320.0,consumer_goods,low,3.38,1,sea,302.8,210.7
SHP-0984,asia_europe,18287.0,pharma,low,14.08,1,sea,3951.8,609.6
SHP-0985,intra_europe,2357.0,food,high,8.05,0,air,9516.3,2.9
SHP-0986,europe_na,6081.0,machinery,medium,4.85,0,air,13956.7,7.6
SHP-0987,apac_africa,13570.0,electronics,low,10.75,1,sea,2004.5,452.3
SHP-0988,europe_sa,10653.0,electronics,high,15.12,0,air,91396.0,13.3
SHP-0989,europe_na,6232.0,automotive,high,8.33,0,air,27997.9,7.8
SHP-0990,apac_africa,14380.0,food,low,17.62,1,sea,4519.2,479.3
SHP-0991,europe_na,6004.0,machinery,high,40.12,1,sea,3191.1,200.1
SHP-0992,europe_na,6148.0,automotive,medium,1.18,0,road,653.4,123.0
SHP-0993,europe_sa,10267.0,pharma,high,3.56,0,air,25656.7,12.8
SHP-0994,asia_europe,18601.0,consumer_goods,low,3.9,0,air,44063.9,23.3
SHP-0995,europe_na,6904.0,automotive,low,9.69,0,road,7873.6,138.1
SHP-0996,intra_asia,4660.0,raw_materials,medium,0.9,0,air,2455.3,5.8
SHP-0997,intra_asia,4750.0,pharma,critical,0.5,0,air,1535.0,5.9
SHP-0998,apac_africa,13945.0,electronics,critical,9.38,0,air,62686.4,17.4
SHP-0999,apac_africa,13216.0,automotive,medium,29.53,1,sea,5978.0,440.5
SHP-1000,europe_sa,10241.0,consumer_goods,high,4.3,0,air,24478.1,12.8
SHP-1001,asia_europe,18658.0,automotive,medium,3.41,0,air,32557.8,23.3
SHP-1002,intra_asia,5601.0,consumer_goods,medium,1.1,0,road,736.1,112.0
SHP-1003,asia_europe,18736.0,textiles,low,15.23,1,sea,4734.7,624.5
SHP-1004,asia_europe,18228.0,textiles,low,5.01,1,sea,1575.8,607.6
SHP-1005,intra_asia,5093.0,pharma,high,0.5,0,air,1473.4,6.4
SHP-1006,europe_na,6000.0,food,medium,9.55,1,sea,910.9,200.0
SHP-1007,europe_na,5508.0,electronics,low,1.58,0,air,4370.5,6.9
SHP-1008,intra_asia,5610.0,machinery,low,0.7,1,sea,58.9,187.0
SHP-1009,apac_africa,14565.0,machinery,critical,28.37,0,air,201490.4,18.2
SHP-1010,asia_europe,18892.0,raw_materials,medium,23.32,0,air,238401.1,23.6
SHP-1011,asia_europe,17261.0,pharma,medium,2.77,0,air,21822.0,21.6
SHP-1012,asia_europe,17947.0,electronics,medium,6.95,1,sea,2011.2,598.2
SHP-1013,na_sa,7772.0,raw_materials,medium,1.51,1,sea,173.5,259.1
SHP-1014,asia_europe,18337.0,textiles,medium,6.56,1,sea,1637.7,611.2
SHP-1015,asia_europe,17886.0,automotive,low,0.5,1,sea,135.0,596.2
SHP-1016,apac_africa,13858.0,pharma,low,0.5,0,air,3071.5,17.3
SHP-1017,asia_europe,18515.0,automotive,medium,12.73,1,sea,3502.9,617.2
SHP-1018,intra_europe,3264.0,machinery,medium,26.25,1,sea,1424.6,108.8
SHP-1019,apac_africa,14280.0,food,medium,1.96,0,air,17252.0,17.8
SHP-1020,intra_europe,2424.0,automotive,high,8.09,0,air,13674.5,3.0
SHP-1021,asia_na,12543.0,automotive,high,0.54,0,air,3234.3,15.7
SHP-1022,asia_europe,18290.0,textiles,medium,0.61,1,sea,163.9,609.7
SHP-1023,intra_asia,4337.0,food,medium,12.52,0,air,22822.5,5.4
SHP-1024,europe_na,6516.0,machinery,high,17.77,0,air,67236.2,8.1
SHP-1025,intra_asia,4969.0,textiles,medium,10.56,1,sea,778.9,165.6
SHP-1026,na_sa,8979.0,electronics,low,5.76,1,sea,864.4,299.3
SHP-1027,europe_sa,10314.0,machinery,critical,0.78,0,air,4085.3,12.9
SHP-1028,europe_na,6398.0,pharma,low,1.66,0,road,877.4,128.0
SHP-1029,intra_asia,5444.0,textiles,high,48.65,0,air,142681.8,6.8
SHP-1030,europe_na,5468.0,electronics,high,14.82,0,air,37541.5,6.8
SHP-1031,europe_na,5071.0,consumer_goods,high,18.39,0,air,56321.5,6.3
SHP-1032,intra_asia,5206.0,food,low,4.54,1,sea,321.6,173.5
SHP-1033,apac_africa,13560.0,machinery,low,15.29,1,sea,2607.1,452.0
SHP-1034,asia_na,11896.0,pharma,high,3.57,0,air,19303.8,14.9
SHP-1035,asia_europe,18459.0,pharma,low,13.56,0,air,143087.0,23.1
SHP-1036,na_sa,8469.0,machinery,medium,22.13,0,air,97504.3,10.6
SHP-1037,intra_europe,2096.0,pharma,low,8.92,0,air,11434.2,2.6
SHP-1038,asia_na,12175.0,food,low,3.8,0,air,25047.2,15.2
SHP-1039,intra_europe,2469.0,machinery,low,14.65,0,air,21125.6,3.1
SHP-1040,europe_na,6916.0,raw_materials,low,2.32,0,road,1790.1,138.3
SHP-1041,asia_europe,17448.0,food,medium,9.63,0,air,84734.9,21.8
SHP-1042,europe_sa,10316.0,consumer_goods,low,7.87,1,sea,1217.9,343.9
SHP-1043,asia_na,11739.0,electronics,high,13.9,0,air,82573.1,14.7
SHP-1044,asia_na,12124.0,machinery,medium,4.52,1,sea,825.8,404.1
SHP-1045,intra_europe,2437.0,textiles,critical,15.7,0,air,25558.5,3.0
SHP-1046,europe_sa,9350.0,food,critical,9.12,0,air,39958.7,11.7
SHP-1047,intra_asia,4755.0,pharma,high,53.34,0,air,122789.4,5.9
SHP-1048,intra_europe,1830.0,machinery,high,8.31,0,air,9797.6,2.3
SHP-1049,asia_europe,16966.0,machinery,high,3.33,1,sea,867.7,565.5
SHP-1050,asia_na,11625.0,textiles,critical,24.24,0,air,171279.9,14.5
SHP-1051,asia_na,11467.0,pharma,medium,0.79,1,sea,182.1,382.2
SHP-1052,europe_sa,10489.0,food,high,12.42,0,air,83712.9,13.1
SHP-1053,asia_na,11828.0,textiles,low,3.49,1,sea,680.4,394.3
SHP-1054,apac_africa,13998.0,machinery,low,6.18,1,sea,1683.9,466.6
SHP-1055,asia_na,12900.0,electronics,low,5.42,1,sea,1138.1,430.0
SHP-1056,europe_na,5438.0,textiles,low,12.2,1,sea,953.9,181.3
SHP-1057,europe_na,5799.0,textiles,low,65.68,1,sea,5340.5,193.3
SHP-1058,na_sa,7695.0,pharma,low,24.8,0,air,91547.9,9.6
SHP-1059,asia_europe,18623.0,food,low,10.33,1,sea,2550.6,620.8
SHP-1060,europe_na,6705.0,electronics,low,0.72,1,sea,64.3,223.5
SHP-1061,intra_europe,2644.0,consumer_goods,medium,9.93,0,air,16375.8,3.3
SHP-1062,asia_na,11769.0,food,high,5.17,0,air,33321.7,14.7
SHP-1063,europe_na,5781.0,pharma,low,7.21,0,road,3962.4,115.6
SHP-1064,apac_africa,14182.0,raw_materials,medium,1.99,0,air,16670.2,17.7
SHP-1065,apac_africa,13827.0,automotive,medium,2.92,1,sea,769.3,460.9
SHP-1066,intra_europe,2801.0,raw_materials,low,11.7,1,sea,582.1,93.4
SHP-1067,apac_africa,13886.0,consumer_goods,high,1.07,1,sea,247.0,462.9
SHP-1068,apac_africa,13983.0,machinery,medium,5.45,0,air,45649.5,17.5
SHP-1069,europe_sa,9989.0,food,medium,8.82,0,air,53236.6,12.5
SHP-1070,na_sa,8156.0,machinery,low,44.77,0,air,183883.7,10.2
SHP-1071,asia_na,11828.0,food,low,0.93,1,sea,198.8,394.3
SHP-1072,asia_na,11930.0,food,high,22.1,0,air,156724.0,14.9
SHP-1073,asia_na,12961.0,raw_materials,low,0.5,1,sea,75.9,432.0
SHP-1074,europe_na,6372.0,automotive,medium,3.79,1,sea,397.0,212.4
SHP-1075,asia_na,11910.0,electronics,high,23.4,0,air,141812.9,14.9
SHP-1076,europe_sa,10278.0,food,low,20.94,1,sea,3381.6,342.6
SHP-1077,intra_europe,2361.0,food,medium,18.49,0,road,4174.8,47.2
SHP-1078,asia_na,12663.0,consumer_goods,medium,2.38,1,sea,587.8,422.1
SHP-1079,na_sa,8260.0,pharma,high,9.54,0,air,41501.2,10.3
SHP-1080,europe_na,5963.0,textiles,low,20.1,1,sea,1756.9,198.8
SHP-1081,europe_sa,10729.0,pharma,medium,18.72,0,air,102701.0,13.4
SHP-1082,asia_europe,18974.0,electronics,high,10.43,0,air,97812.5,23.7
SHP-1083,europe_na,5378.0,textiles,medium,2.25,0,road,1135.6,107.6
SHP-1084,intra_europe,3109.0,food,medium,1.13,0,air,2417.7,3.9
SHP-1085,intra_europe,1568.0,food,high,37.71,0,air,40204.1,2.0
SHP-1086,intra_asia,4794.0,food,low,0.5,1,sea,38.8,159.8
SHP-1087,europe_sa,8937.0,pharma,low,7.22,1,sea,852.5,297.9
SHP-1088,intra_europe,2041.0,electronics,low,10.18,0,air,9512.1,2.6
SHP-1089,europe_na,5646.0,textiles,critical,4.43,0,air,13196.6,7.1
SHP-1090,europe_na,4648.0,food,medium,0.5,0,road,218.5,93.0
SHP-1091,intra_asia,5031.0,machinery,low,14.02,1,sea,1177.6,167.7
SHP-1092,europe_sa,9596.0,automotive,low,14.24,1,sea,2306.5,319.9
SHP-1093,apac_africa,13599.0,consumer_goods,critical,4.81,0,air,43218.0,17.0
SHP-1094,asia_europe,19090.0,food,low,6.89,1,sea,1928.7,636.3
SHP-1095,europe_sa,10130.0,raw_materials,low,12.6,1,sea,2323.0,337.7
SHP-1096,europe_sa,9501.0,consumer_goods,critical,15.3,0,air,70431.2,11.9
SHP-1097,intra_asia,4797.0,machinery,critical,9.73,0,air,25534.4,6.0
SHP-1098,intra_europe,3565.0,consumer_goods,critical,2.0,0,air,3506.7,4.5
SHP-1099,intra_asia,5145.0,electronics,low,12.66,0,road,6235.4,102.9
SHP-1100,apac_africa,13750.0,textiles,medium,22.46,1,sea,4027.0,458.3
SHP-1101,intra_asia,4625.0,machinery,low,7.05,0,road,3548.3,92.5
SHP-1102,na_sa,7890.0,textiles,high,9.35,0,air,34966.8,9.9
SHP-1103,intra_europe,3020.0,raw_materials,high,12.92,0,air,22674.3,3.8
SHP-1104,intra_europe,2719.0,food,low,29.52,1,sea,1321.5,90.6
SHP-1105,intra_asia,4014.0,pharma,high,21.14,0,air,56673.9,5.0
SHP-1106,intra_asia,5515.0,textiles,medium,30.17,0,road,16250.1,110.3
SHP-1107,apac_africa,13365.0,automotive,low,23.68,1,sea,5105.6,445.5
SHP-1108,asia_na,11361.0,pharma,low,17.55,0,air,106766.1,14.2
SHP-1109,asia_europe,17820.0,machinery,high,8.64,0,air,98513.9,22.3
SHP-1110,europe_na,6321.0,food,high,9.39,0,air,34103.7,7.9
SHP-1111,europe_sa,10826.0,raw_materials,low,7.21,1,sea,1275.3,360.9
SHP-1112,asia_europe,17392.0,electronics,medium,29.03,0,air,245843.4,21.7
SHP-1113,europe_sa,10120.0,machinery,low,0.5,1,sea,90.7,337.3
SHP-1114,europe_na,6117.0,machinery,low,11.13,1,sea,1178.7,203.9
SHP-1115,na_sa,7417.0,machinery,low,0.5,1,sea,46.4,247.2
SHP-1116,europe_na,6320.0,textiles,medium,11.12,0,road,6680.6,126.4
SHP-1117,intra_asia,4900.0,consumer_goods,medium,1.15,0,air,3263.1,6.1
SHP-1118,europe_na,6000.0,machinery,low,7.15,1,sea,609.8,200.0
SHP-1119,apac_africa,13990.0,textiles,medium,0.5,1,sea,113.0,466.3
SHP-1120,asia_na,11954.0,textiles,critical,1.75,0,air,10677.9,14.9
SHP-1121,na_sa,7999.0,textiles,high,9.16,0,air,32151.9,10.0
SHP-1122,intra_asia,5802.0,textiles,low,1.09,1,sea,83.0,193.4
SHP-1123,intra_europe,1939.0,electronics,high,4.68,0,air,4153.9,2.4
SHP-1124,intra_asia,4458.0,food,high,4.1,0,air,10381.9,5.6
SHP-1125,asia_na,12578.0,pharma,low,24.09,0,air,173931.4,15.7
SHP-1126,intra_europe,2814.0,textiles,low,16.32,1,sea,655.3,93.8
SHP-1127,apac_africa,13920.0,machinery,low,1.13,1,sea,227.3,464.0
SHP-1128,na_sa,7527.0,food,medium,8.43,1,sea,811.2,250.9
SHP-1129,europe_na,6090.0,pharma,low,3.48,1,sea,383.3,203.0
SHP-1130,asia_na,11742.0,automotive,low,8.12,1,sea,1452.5,391.4
SHP-1131,intra_europe,2078.0,textiles,high,18.84,0,air,20417.8,2.6
SHP-1132,asia_europe,17723.0,consumer_goods,critical,1.62,0,air,14699.5,22.2
SHP-1133,apac_africa,13667.0,raw_materials,high,4.43,0,air,37051.8,17.1
SHP-1134,apac_africa,13959.0,machinery,high,0.71,1,sea,164.1,465.3
SHP-1135,intra_europe,652.0,machinery,medium,17.31,0,road,1355.4,13.0
SHP-1136,europe_sa,9585.0,raw_materials,high,0.5,1,sea,69.4,319.5
SHP-1137,apac_africa,13257.0,pharma,medium,5.3,0,air,39133.4,16.6
SHP-1138,intra_asia,4270.0,consumer_goods,low,25.3,1,sea,1827.9,142.3
SHP-1139,intra_asia,5609.0,food,low,6.35,0,road,4226.8,112.2
SHP-1140,na_sa,7444.0,consumer_goods,critical,0.6,0,air,2699.1,9.3
SHP-1141,europe_sa,9902.0,machinery,medium,6.94,1,sea,1193.6,330.1
SHP-1142,europe_sa,9417.0,consumer_goods,medium,1.59,1,sea,196.3,313.9
SHP-1143,intra_europe,2445.0,textiles,high,23.68,0,air,25917.7,3.1
SHP-1144,europe_sa,9777.0,pharma,medium,5.17,0,air,25571.3,12.2
SHP-1145,na_sa,7415.0,automotive,low,5.61,1,sea,665.1,247.2
SHP-1146,asia_na,10959.0,consumer_goods,high,14.37,1,sea,2160.9,365.3
SHP-1147,intra_europe,1913.0,consumer_goods,medium,0.5,0,road,98.8,38.3
SHP-1148,na_sa,6993.0,machinery,critical,18.2,0,air,75523.8,8.7
SHP-1149,europe_na,6192.0,pharma,medium,51.58,0,road,38316.1,123.8
SHP-1150,asia_na,12746.0,pharma,medium,0.5,0,air,4127.1,15.9
SHP-1151,europe_sa,10555.0,raw_materials,critical,6.0,0,air,32190.2,13.2
SHP-1152,na_sa,7775.0,pharma,low,26.88,0,air,114124.1,9.7
SHP-1153,intra_europe,2329.0,automotive,low,23.94,0,road,5031.6,46.6
SHP-1154,intra_europe,2148.0,automotive,low,9.98,1,sea,285.9,71.6
SHP-1155,asia_na,11284.0,machinery,high,3.69,0,air,23423.2,14.1
SHP-1156,asia_na,12073.0,consumer_goods,medium,0.83,1,sea,170.0,402.4
SHP-1157,asia_europe,17258.0,electronics,medium,4.78,0,air,47184.1,21.6
SHP-1158,intra_europe,2937.0,consumer_goods,medium,9.67,1,sea,447.5,97.9
SHP-1159,europe_sa,10250.0,food,medium,3.49,1,sea,542.8,341.7
SHP-1160,na_sa,7607.0,food,low,45.64,1,sea,6200.8,253.6
SHP-1161,intra_asia,5416.0,raw_materials,low,4.3,1,sea,365.8,180.5
SHP-1162,na_sa,9019.0,electronics,low,0.93,1,sea,138.3,300.6
SHP-1163,europe_sa,10509.0,textiles,high,7.96,1,sea,1220.0,350.3
SHP-1164,asia_europe,18696.0,raw_materials,critical,6.65,0,air,75274.8,23.4
SHP-1165,europe_sa,9810.0,machinery,high,1.36,0,air,8171.1,12.3
SHP-1166,asia_na,11081.0,consumer_goods,medium,0.5,1,sea,79.8,369.4
SHP-1167,intra_europe,2161.0,raw_materials,low,10.28,0,road,2032.0,43.2
SHP-1168,europe_sa,10334.0,automotive,high,17.89,0,air,95605.1,12.9
SHP-1169,na_sa,7723.0,pharma,low,1.7,0,road,1359.8,154.5
SHP-1170,europe_sa,10490.0,machinery,high,17.29,0,air,94086.2,13.1
SHP-1171,na_sa,8395.0,textiles,high,4.79,0,air,22628.7,10.5
SHP-1172,intra_asia,4808.0,food,medium,14.53,0,road,6614.2,96.2
SHP-1173,europe_na,6042.0,machinery,medium,18.84,1,sea,2007.3,201.4
SHP-1174,europe_sa,10288.0,food,high,3.02,0,air,19981.6,12.9
SHP-1175,intra_asia,4691.0,consumer_goods,low,7.75,0,road,4435.4,93.8
SHP-1176,intra_europe,2202.0,raw_materials,medium,27.05,0,road,5498.7,44.0
SHP-1177,europe_na,6194.0,electronics,low,16.45,0,air,63398.1,7.7
SHP-1178,asia_europe,17939.0,consumer_goods,medium,11.53,1,sea,3057.2,598.0
SHP-1179,intra_asia,4442.0,raw_materials,medium,6.32,0,road,3138.4,88.8
SHP-1180,asia_na,12244.0,pharma,low,32.37,0,air,248586.7,15.3
SHP-1181,intra_asia,4522.0,raw_materials,high,5.52,0,air,15711.4,5.7
SHP-1182,asia_europe,16947.0,food,low,3.79,0,air,31171.3,21.2
SHP-1183,europe_na,6686.0,food,low,19.19,0,air,76399.3,8.4
SHP-1184,na_sa,7802.0,consumer_goods,high,15.31,0,air,54707.2,9.8
SHP-1185,intra_asia,6262.0,machinery,high,21.78,1,sea,2110.1,208.7
SHP-1186,intra_europe,2510.0,machinery,critical,7.02,0,air,9257.9,3.1
SHP-1187,europe_na,5428.0,textiles,medium,18.84,0,road,11867.8,108.6
SHP-1188,intra_asia,4168.0,textiles,critical,22.49,0,air,47516.2,5.2
SHP-1189,europe_na,5227.0,pharma,high,31.47,0,air,100896.7,6.5
SHP-1190,intra_europe,2231.0,textiles,low,31.56,0,road,6769.6,44.6
SHP-1191,europe_sa,9252.0,textiles,medium,4.89,0,air,28820.5,11.6
SHP-1192,europe_sa,9802.0,automotive,medium,7.18,1,sea,983.5,326.7
SHP-1193,apac_africa,14785.0,automotive,low,17.68,1,sea,3534.8,492.8
SHP-1194,europe_na,6414.0,textiles,medium,12.04,0,air,38993.2,8.0
SHP-1195,intra_asia,4953.0,machinery,low,8.85,0,air,26891.4,6.2
SHP-1196,asia_europe,18018.0,electronics,low,1.0,1,sea,320.2,600.6
SHP-1197,apac_africa,14213.0,pharma,high,6.21,1,sea,1432.1,473.8
SHP-1198,europe_sa,11235.0,consumer_goods,critical,27.9,0,air,184229.4,14.0
SHP-1199,apac_africa,13663.0,textiles,medium,16.54,1,sea,3310.5,455.4
